game_id,event_num,event_msg_type,period,wc_time,pc_time,action_type,option1,option2,option3,team_id,person1,person2,person3,team_id_type,person1_type,person2_type,person3_type
3b088c7d19b1d7b56f5842e39b29e06d,2,12,1,577520,7200,0,0,0,0,1473d70e5646a26de3c52aa1abd85b1f,0370a0d090da0d0edc6319f120187e0e,0370a0d090da0d0edc6319f120187e0e,0370a0d090da0d0edc6319f120187e0e,0,0,0,0
3b088c7d19b1d7b56f5842e39b29e06d,4,10,1,577520,7200,0,0,0,0,5df2526720f9ac092e202de922f5a65f,682ee02d38c947defb4cf5e30fba6f96,5254f09164f6bcfba80a12e595ca4724,fe4fc80aa14544264b2eca38dbe85bd1,3,4,5,5
3b088c7d19b1d7b56f5842e39b29e06d,7,2,1,577700,7010,1,3,0,0,e2d25dd55740327314a2a0b874621ba8,f85a47779c423d73ea3b2aa48c54ff8b,0370a0d090da0d0edc6319f120187e0e,0370a0d090da0d0edc6319f120187e0e,3,5,0,0
3b088c7d19b1d7b56f5842e39b29e06d,8,4,1,577730,6970,0,0,0,0,5df2526720f9ac092e202de922f5a65f,16d76c912992709c8be29b896b8f9417,0370a0d090da0d0edc6319f120187e0e,0370a0d090da0d0edc6319f120187e0e,3,4,0,0
3b088c7d19b1d7b56f5842e39b29e06d,9,2,1,577940,6770,80,3,0,0,5df2526720f9ac092e202de922f5a65f,7a1c1f680a11456d505f05fa70712213,0370a0d090da0d0edc6319f120187e0e,0370a0d090da0d0edc6319f120187e0e,2,4,0,0
3b088c7d19b1d7b56f5842e39b29e06d,10,4,1,577970,6740,0,0,0,0,e2d25dd55740327314a2a0b874621ba8,fe4fc80aa14544264b2eca38dbe85bd1,0370a0d090da0d0edc6319f120187e0e,0370a0d090da0d0edc6319f120187e0e,2,5,0,0
3b088c7d19b1d7b56f5842e39b29e06d,11,5,1,578020,6710,40,0,0,0,e2d25dd55740327314a2a0b874621ba8,59fa10b4c9f3cd3cf1048a41966fe24e,0370a0d090da0d0edc6319f120187e0e,81efe876f336ab00d7331d21e9ac06dd,3,5,0,1
3b088c7d19b1d7b56f5842e39b29e06d,12,1,1,578290,6510,108,2,0,0,5df2526720f9ac092e202de922f5a65f,682ee02d38c947defb4cf5e30fba6f96,7a1c1f680a11456d505f05fa70712213,0370a0d090da0d0edc6319f120187e0e,2,4,4,0
3b088c7d19b1d7b56f5842e39b29e06d,14,2,1,578530,6280,102,2,0,0,e2d25dd55740327314a2a0b874621ba8,fe4fc80aa14544264b2eca38dbe85bd1,0370a0d090da0d0edc6319f120187e0e,0370a0d090da0d0edc6319f120187e0e,3,5,0,0
3b088c7d19b1d7b56f5842e39b29e06d,15,4,1,578540,6260,0,0,0,0,5df2526720f9ac092e202de922f5a65f,ade82b71d52bf8ebd00f724b25c87e95,0370a0d090da0d0edc6319f120187e0e,0370a0d090da0d0edc6319f120187e0e,3,4,0,0
3b088c7d19b1d7b56f5842e39b29e06d,16,5,1,578580,6220,2,1,0,0,5df2526720f9ac092e202de922f5a65f,ade82b71d52bf8ebd00f724b25c87e95,fe4fc80aa14544264b2eca38dbe85bd1,0370a0d090da0d0edc6319f120187e0e,2,4,5,0
3b088c7d19b1d7b56f5842e39b29e06d,18,2,1,578630,6170,75,2,1,0,e2d25dd55740327314a2a0b874621ba8,fe4fc80aa14544264b2eca38dbe85bd1,0370a0d090da0d0edc6319f120187e0e,0370a0d090da0d0edc6319f120187e0e,3,5,0,0
3b088c7d19b1d7b56f5842e39b29e06d,19,4,1,578660,6140,0,0,0,0,5df2526720f9ac092e202de922f5a65f,7a1c1f680a11456d505f05fa70712213,0370a0d090da0d0edc6319f120187e0e,0370a0d090da0d0edc6319f120187e0e,3,4,0,0
3b088c7d19b1d7b56f5842e39b29e06d,20,5,1,578720,6080,1,1,0,0,5df2526720f9ac092e202de922f5a65f,16d76c912992709c8be29b896b8f9417,59fa10b4c9f3cd3cf1048a41966fe24e,0370a0d090da0d0edc6319f120187e0e,2,4,5,0
3b088c7d19b1d7b56f5842e39b29e06d,22,1,1,578770,6030,98,2,1,0,e2d25dd55740327314a2a0b874621ba8,ce84530bdb8f4a9e7cf97e14d536b8a0,f85a47779c423d73ea3b2aa48c54ff8b,0370a0d090da0d0edc6319f120187e0e,3,5,5,0
3b088c7d19b1d7b56f5842e39b29e06d,24,6,1,578960,5850,2,0,0,2,e2d25dd55740327314a2a0b874621ba8,59fa10b4c9f3cd3cf1048a41966fe24e,682ee02d38c947defb4cf5e30fba6f96,0dbfa74eaa91ec9fc8b56a0988d678bb,2,5,4,1
3b088c7d19b1d7b56f5842e39b29e06d,26,3,1,579210,5850,11,1,0,0,5df2526720f9ac092e202de922f5a65f,682ee02d38c947defb4cf5e30fba6f96,0370a0d090da0d0edc6319f120187e0e,0370a0d090da0d0edc6319f120187e0e,2,4,0,0
3b088c7d19b1d7b56f5842e39b29e06d,27,3,1,579380,5850,12,2,0,0,5df2526720f9ac092e202de922f5a65f,682ee02d38c947defb4cf5e30fba6f96,0370a0d090da0d0edc6319f120187e0e,0370a0d090da0d0edc6319f120187e0e,2,4,0,0
3b088c7d19b1d7b56f5842e39b29e06d,28,4,1,579390,5850,0,0,0,0,e2d25dd55740327314a2a0b874621ba8,fe4fc80aa14544264b2eca38dbe85bd1,0370a0d090da0d0edc6319f120187e0e,0370a0d090da0d0edc6319f120187e0e,2,5,0,0
3b088c7d19b1d7b56f5842e39b29e06d,29,1,1,579480,5750,1,3,0,0,e2d25dd55740327314a2a0b874621ba8,fe4fc80aa14544264b2eca38dbe85bd1,f85a47779c423d73ea3b2aa48c54ff8b,0370a0d090da0d0edc6319f120187e0e,3,5,5,0
3b088c7d19b1d7b56f5842e39b29e06d,31,2,1,579760,5460,1,2,0,0,5df2526720f9ac092e202de922f5a65f,2ffe19dc39838eaa55a52d7b2fbd687c,0370a0d090da0d0edc6319f120187e0e,0370a0d090da0d0edc6319f120187e0e,2,4,0,0
3b088c7d19b1d7b56f5842e39b29e06d,32,4,1,579810,5440,0,0,0,0,5df2526720f9ac092e202de922f5a65f,db997674156aaff04aede51c0be7f8cf,0370a0d090da0d0edc6319f120187e0e,0370a0d090da0d0edc6319f120187e0e,2,3,0,0
3b088c7d19b1d7b56f5842e39b29e06d,33,2,1,579890,5380,1,3,0,0,e2d25dd55740327314a2a0b874621ba8,fe4fc80aa14544264b2eca38dbe85bd1,0370a0d090da0d0edc6319f120187e0e,0370a0d090da0d0edc6319f120187e0e,3,5,0,0
3b088c7d19b1d7b56f5842e39b29e06d,34,4,1,579910,5350,0,0,0,0,5df2526720f9ac092e202de922f5a65f,682ee02d38c947defb4cf5e30fba6f96,0370a0d090da0d0edc6319f120187e0e,0370a0d090da0d0edc6319f120187e0e,3,4,0,0
3b088c7d19b1d7b56f5842e39b29e06d,35,1,1,580030,5230,63,2,0,0,5df2526720f9ac092e202de922f5a65f,7a1c1f680a11456d505f05fa70712213,0370a0d090da0d0edc6319f120187e0e,0370a0d090da0d0edc6319f120187e0e,2,4,0,0
3b088c7d19b1d7b56f5842e39b29e06d,36,2,1,580160,5100,79,3,0,0,e2d25dd55740327314a2a0b874621ba8,59fa10b4c9f3cd3cf1048a41966fe24e,0370a0d090da0d0edc6319f120187e0e,0370a0d090da0d0edc6319f120187e0e,3,5,0,0
3b088c7d19b1d7b56f5842e39b29e06d,37,4,1,580190,5080,0,0,0,0,5df2526720f9ac092e202de922f5a65f,ade82b71d52bf8ebd00f724b25c87e95,0370a0d090da0d0edc6319f120187e0e,0370a0d090da0d0edc6319f120187e0e,3,4,0,0
3b088c7d19b1d7b56f5842e39b29e06d,38,2,1,580260,5010,1,3,0,0,5df2526720f9ac092e202de922f5a65f,ade82b71d52bf8ebd00f724b25c87e95,0370a0d090da0d0edc6319f120187e0e,0370a0d090da0d0edc6319f120187e0e,2,4,0,0
3b088c7d19b1d7b56f5842e39b29e06d,39,4,1,580290,4980,0,0,0,0,e2d25dd55740327314a2a0b874621ba8,f85a47779c423d73ea3b2aa48c54ff8b,0370a0d090da0d0edc6319f120187e0e,0370a0d090da0d0edc6319f120187e0e,2,5,0,0
3b088c7d19b1d7b56f5842e39b29e06d,40,5,1,580350,4920,1,1,0,0,e2d25dd55740327314a2a0b874621ba8,f85a47779c423d73ea3b2aa48c54ff8b,682ee02d38c947defb4cf5e30fba6f96,0370a0d090da0d0edc6319f120187e0e,3,5,4,0
3b088c7d19b1d7b56f5842e39b29e06d,42,6,1,580390,4900,28,0,0,0,e2d25dd55740327314a2a0b874621ba8,f85a47779c423d73ea3b2aa48c54ff8b,2ffe19dc39838eaa55a52d7b2fbd687c,0dbfa74eaa91ec9fc8b56a0988d678bb,2,5,4,1
3b088c7d19b1d7b56f5842e39b29e06d,44,2,1,580720,4750,98,2,0,0,5df2526720f9ac092e202de922f5a65f,682ee02d38c947defb4cf5e30fba6f96,0370a0d090da0d0edc6319f120187e0e,5254f09164f6bcfba80a12e595ca4724,2,4,0,5
3b088c7d19b1d7b56f5842e39b29e06d,46,4,1,580720,4750,0,0,0,0,5df2526720f9ac092e202de922f5a65f,1f67aefd482a400ad8efa1f751128efb,0370a0d090da0d0edc6319f120187e0e,0370a0d090da0d0edc6319f120187e0e,2,2,0,0
3b088c7d19b1d7b56f5842e39b29e06d,47,2,1,580970,4700,1,3,0,0,5df2526720f9ac092e202de922f5a65f,7a1c1f680a11456d505f05fa70712213,0370a0d090da0d0edc6319f120187e0e,0370a0d090da0d0edc6319f120187e0e,2,4,0,0
3b088c7d19b1d7b56f5842e39b29e06d,48,4,1,581000,4660,0,0,0,0,5df2526720f9ac092e202de922f5a65f,16d76c912992709c8be29b896b8f9417,0370a0d090da0d0edc6319f120187e0e,0370a0d090da0d0edc6319f120187e0e,2,4,0,0
3b088c7d19b1d7b56f5842e39b29e06d,49,2,1,581080,4580,6,2,0,0,5df2526720f9ac092e202de922f5a65f,2ffe19dc39838eaa55a52d7b2fbd687c,0370a0d090da0d0edc6319f120187e0e,5254f09164f6bcfba80a12e595ca4724,2,4,0,5
3b088c7d19b1d7b56f5842e39b29e06d,51,4,1,581100,4560,0,0,0,0,e2d25dd55740327314a2a0b874621ba8,f85a47779c423d73ea3b2aa48c54ff8b,0370a0d090da0d0edc6319f120187e0e,0370a0d090da0d0edc6319f120187e0e,2,5,0,0
3b088c7d19b1d7b56f5842e39b29e06d,52,2,1,581150,4510,99,2,1,0,e2d25dd55740327314a2a0b874621ba8,ce84530bdb8f4a9e7cf97e14d536b8a0,0370a0d090da0d0edc6319f120187e0e,0370a0d090da0d0edc6319f120187e0e,3,5,0,0
3b088c7d19b1d7b56f5842e39b29e06d,53,4,1,581170,4480,0,0,0,0,5df2526720f9ac092e202de922f5a65f,682ee02d38c947defb4cf5e30fba6f96,0370a0d090da0d0edc6319f120187e0e,0370a0d090da0d0edc6319f120187e0e,3,4,0,0
3b088c7d19b1d7b56f5842e39b29e06d,54,2,1,581320,4340,80,3,0,0,5df2526720f9ac092e202de922f5a65f,2ffe19dc39838eaa55a52d7b2fbd687c,0370a0d090da0d0edc6319f120187e0e,0370a0d090da0d0edc6319f120187e0e,2,4,0,0
3b088c7d19b1d7b56f5842e39b29e06d,55,4,1,581350,4310,0,0,0,0,e2d25dd55740327314a2a0b874621ba8,fe4fc80aa14544264b2eca38dbe85bd1,0370a0d090da0d0edc6319f120187e0e,0370a0d090da0d0edc6319f120187e0e,2,5,0,0
3b088c7d19b1d7b56f5842e39b29e06d,56,6,1,581380,4310,1,0,0,0,5df2526720f9ac092e202de922f5a65f,2ffe19dc39838eaa55a52d7b2fbd687c,fe4fc80aa14544264b2eca38dbe85bd1,0dbfa74eaa91ec9fc8b56a0988d678bb,3,4,5,1
3b088c7d19b1d7b56f5842e39b29e06d,58,1,1,581650,4210,58,2,0,0,e2d25dd55740327314a2a0b874621ba8,5254f09164f6bcfba80a12e595ca4724,59fa10b4c9f3cd3cf1048a41966fe24e,0370a0d090da0d0edc6319f120187e0e,3,5,5,0
3b088c7d19b1d7b56f5842e39b29e06d,60,6,1,581860,4010,2,0,0,2,e2d25dd55740327314a2a0b874621ba8,ce84530bdb8f4a9e7cf97e14d536b8a0,2ffe19dc39838eaa55a52d7b2fbd687c,0dbfa74eaa91ec9fc8b56a0988d678bb,2,5,4,1
3b088c7d19b1d7b56f5842e39b29e06d,62,9,1,581960,4010,1,0,0,0,5df2526720f9ac092e202de922f5a65f,1f67aefd482a400ad8efa1f751128efb,0370a0d090da0d0edc6319f120187e0e,0370a0d090da0d0edc6319f120187e0e,2,2,0,0
3b088c7d19b1d7b56f5842e39b29e06d,63,8,1,583680,4010,0,0,0,0,5df2526720f9ac092e202de922f5a65f,7a1c1f680a11456d505f05fa70712213,71646c64f62c2748740c45b469e0d611,0370a0d090da0d0edc6319f120187e0e,2,4,4,0
3b088c7d19b1d7b56f5842e39b29e06d,65,3,1,584200,4010,11,1,0,0,5df2526720f9ac092e202de922f5a65f,2ffe19dc39838eaa55a52d7b2fbd687c,0370a0d090da0d0edc6319f120187e0e,0370a0d090da0d0edc6319f120187e0e,2,4,0,0
3b088c7d19b1d7b56f5842e39b29e06d,66,3,1,584350,4010,12,1,0,0,5df2526720f9ac092e202de922f5a65f,2ffe19dc39838eaa55a52d7b2fbd687c,0370a0d090da0d0edc6319f120187e0e,0370a0d090da0d0edc6319f120187e0e,2,4,0,0
3b088c7d19b1d7b56f5842e39b29e06d,67,1,1,584520,3860,6,2,0,0,e2d25dd55740327314a2a0b874621ba8,f85a47779c423d73ea3b2aa48c54ff8b,59fa10b4c9f3cd3cf1048a41966fe24e,0370a0d090da0d0edc6319f120187e0e,3,5,5,0
3b088c7d19b1d7b56f5842e39b29e06d,69,20,1,584720,3690,3,0,0,0,5df2526720f9ac092e202de922f5a65f,0370a0d090da0d0edc6319f120187e0e,0370a0d090da0d0edc6319f120187e0e,0370a0d090da0d0edc6319f120187e0e,2,0,0,0
3b088c7d19b1d7b56f5842e39b29e06d,70,8,1,584740,3690,0,0,0,0,e2d25dd55740327314a2a0b874621ba8,f85a47779c423d73ea3b2aa48c54ff8b,545561642487bf6991898bd62e9c3172,0370a0d090da0d0edc6319f120187e0e,2,5,5,0
3b088c7d19b1d7b56f5842e39b29e06d,72,6,1,584970,3640,27,0,0,0,e2d25dd55740327314a2a0b874621ba8,545561642487bf6991898bd62e9c3172,71646c64f62c2748740c45b469e0d611,0dbfa74eaa91ec9fc8b56a0988d678bb,2,5,4,1
3b088c7d19b1d7b56f5842e39b29e06d,74,8,1,585130,3640,0,0,0,0,5df2526720f9ac092e202de922f5a65f,16d76c912992709c8be29b896b8f9417,cf76849b2d40cd089fa8fe823846b717,0370a0d090da0d0edc6319f120187e0e,2,4,4,0
3b088c7d19b1d7b56f5842e39b29e06d,76,2,1,585310,3570,1,3,0,0,5df2526720f9ac092e202de922f5a65f,71646c64f62c2748740c45b469e0d611,0370a0d090da0d0edc6319f120187e0e,0370a0d090da0d0edc6319f120187e0e,2,4,0,0
3b088c7d19b1d7b56f5842e39b29e06d,77,4,1,585340,3540,0,0,0,0,e2d25dd55740327314a2a0b874621ba8,fe4fc80aa14544264b2eca38dbe85bd1,0370a0d090da0d0edc6319f120187e0e,0370a0d090da0d0edc6319f120187e0e,2,5,0,0
3b088c7d19b1d7b56f5842e39b29e06d,78,2,1,585420,3460,1,3,0,0,e2d25dd55740327314a2a0b874621ba8,fe4fc80aa14544264b2eca38dbe85bd1,0370a0d090da0d0edc6319f120187e0e,0370a0d090da0d0edc6319f120187e0e,3,5,0,0
3b088c7d19b1d7b56f5842e39b29e06d,79,4,1,585460,3430,0,0,0,0,e2d25dd55740327314a2a0b874621ba8,5254f09164f6bcfba80a12e595ca4724,0370a0d090da0d0edc6319f120187e0e,0370a0d090da0d0edc6319f120187e0e,3,5,0,0
3b088c7d19b1d7b56f5842e39b29e06d,80,2,1,585470,3420,5,2,0,0,e2d25dd55740327314a2a0b874621ba8,5254f09164f6bcfba80a12e595ca4724,0370a0d090da0d0edc6319f120187e0e,682ee02d38c947defb4cf5e30fba6f96,3,5,0,4
3b088c7d19b1d7b56f5842e39b29e06d,82,4,1,585490,3420,0,0,0,0,5df2526720f9ac092e202de922f5a65f,ade82b71d52bf8ebd00f724b25c87e95,0370a0d090da0d0edc6319f120187e0e,0370a0d090da0d0edc6319f120187e0e,3,4,0,0
3b088c7d19b1d7b56f5842e39b29e06d,83,5,1,585550,3330,1,1,0,0,5df2526720f9ac092e202de922f5a65f,2ffe19dc39838eaa55a52d7b2fbd687c,5254f09164f6bcfba80a12e595ca4724,0370a0d090da0d0edc6319f120187e0e,2,4,5,0
3b088c7d19b1d7b56f5842e39b29e06d,85,20,1,585620,3290,3,0,0,0,e2d25dd55740327314a2a0b874621ba8,0370a0d090da0d0edc6319f120187e0e,0370a0d090da0d0edc6319f120187e0e,0370a0d090da0d0edc6319f120187e0e,3,0,0,0
3b088c7d19b1d7b56f5842e39b29e06d,86,1,1,585830,3210,75,2,0,0,e2d25dd55740327314a2a0b874621ba8,59fa10b4c9f3cd3cf1048a41966fe24e,0370a0d090da0d0edc6319f120187e0e,0370a0d090da0d0edc6319f120187e0e,3,5,0,0
3b088c7d19b1d7b56f5842e39b29e06d,87,2,1,586050,2990,1,3,0,0,5df2526720f9ac092e202de922f5a65f,71646c64f62c2748740c45b469e0d611,0370a0d090da0d0edc6319f120187e0e,0370a0d090da0d0edc6319f120187e0e,2,4,0,0
3b088c7d19b1d7b56f5842e39b29e06d,88,4,1,586070,2970,0,0,0,0,e2d25dd55740327314a2a0b874621ba8,5254f09164f6bcfba80a12e595ca4724,0370a0d090da0d0edc6319f120187e0e,0370a0d090da0d0edc6319f120187e0e,2,5,0,0
3b088c7d19b1d7b56f5842e39b29e06d,89,5,1,586170,2870,1,1,0,0,e2d25dd55740327314a2a0b874621ba8,545561642487bf6991898bd62e9c3172,682ee02d38c947defb4cf5e30fba6f96,0370a0d090da0d0edc6319f120187e0e,3,5,4,0
3b088c7d19b1d7b56f5842e39b29e06d,91,1,1,586230,2810,73,2,0,0,5df2526720f9ac092e202de922f5a65f,cf76849b2d40cd089fa8fe823846b717,2ffe19dc39838eaa55a52d7b2fbd687c,0370a0d090da0d0edc6319f120187e0e,2,4,4,0
3b088c7d19b1d7b56f5842e39b29e06d,92,6,1,586360,2740,1,0,0,0,5df2526720f9ac092e202de922f5a65f,682ee02d38c947defb4cf5e30fba6f96,5254f09164f6bcfba80a12e595ca4724,81efe876f336ab00d7331d21e9ac06dd,3,4,5,1
3b088c7d19b1d7b56f5842e39b29e06d,95,8,1,586410,2740,0,0,0,0,5df2526720f9ac092e202de922f5a65f,682ee02d38c947defb4cf5e30fba6f96,59c61598abe68e36e2a0f6b24f5344a9,0370a0d090da0d0edc6319f120187e0e,3,4,4,0
3b088c7d19b1d7b56f5842e39b29e06d,96,8,1,586410,2740,0,0,0,0,e2d25dd55740327314a2a0b874621ba8,5254f09164f6bcfba80a12e595ca4724,ec1701b0740d49558c0e4292fbcf5d28,0370a0d090da0d0edc6319f120187e0e,3,5,5,0
3b088c7d19b1d7b56f5842e39b29e06d,99,5,1,586630,2660,40,0,0,0,e2d25dd55740327314a2a0b874621ba8,fe4fc80aa14544264b2eca38dbe85bd1,0370a0d090da0d0edc6319f120187e0e,0dbfa74eaa91ec9fc8b56a0988d678bb,3,5,0,1
3b088c7d19b1d7b56f5842e39b29e06d,100,1,1,586770,2550,6,2,0,0,5df2526720f9ac092e202de922f5a65f,2ffe19dc39838eaa55a52d7b2fbd687c,0370a0d090da0d0edc6319f120187e0e,0370a0d090da0d0edc6319f120187e0e,2,4,0,0
3b088c7d19b1d7b56f5842e39b29e06d,101,2,1,586860,2470,6,2,0,0,e2d25dd55740327314a2a0b874621ba8,545561642487bf6991898bd62e9c3172,0370a0d090da0d0edc6319f120187e0e,0370a0d090da0d0edc6319f120187e0e,3,5,0,0
3b088c7d19b1d7b56f5842e39b29e06d,103,4,1,586890,2430,0,0,0,0,5df2526720f9ac092e202de922f5a65f,71646c64f62c2748740c45b469e0d611,0370a0d090da0d0edc6319f120187e0e,0370a0d090da0d0edc6319f120187e0e,3,4,0,0
3b088c7d19b1d7b56f5842e39b29e06d,104,1,1,586950,2370,98,2,0,0,5df2526720f9ac092e202de922f5a65f,59c61598abe68e36e2a0f6b24f5344a9,2ffe19dc39838eaa55a52d7b2fbd687c,0370a0d090da0d0edc6319f120187e0e,2,4,4,0
3b088c7d19b1d7b56f5842e39b29e06d,106,9,1,587000,2370,1,0,0,0,e2d25dd55740327314a2a0b874621ba8,db997674156aaff04aede51c0be7f8cf,0370a0d090da0d0edc6319f120187e0e,0370a0d090da0d0edc6319f120187e0e,3,3,0,0
3b088c7d19b1d7b56f5842e39b29e06d,108,8,1,588800,2370,0,0,0,0,5df2526720f9ac092e202de922f5a65f,ade82b71d52bf8ebd00f724b25c87e95,ffc3716da11461d5337f42c2e9590797,0370a0d090da0d0edc6319f120187e0e,3,4,4,0
3b088c7d19b1d7b56f5842e39b29e06d,110,2,1,589370,2130,80,2,0,0,e2d25dd55740327314a2a0b874621ba8,fe4fc80aa14544264b2eca38dbe85bd1,0370a0d090da0d0edc6319f120187e0e,0370a0d090da0d0edc6319f120187e0e,3,5,0,0
3b088c7d19b1d7b56f5842e39b29e06d,111,4,1,589390,2110,0,0,0,0,5df2526720f9ac092e202de922f5a65f,cf76849b2d40cd089fa8fe823846b717,0370a0d090da0d0edc6319f120187e0e,0370a0d090da0d0edc6319f120187e0e,3,4,0,0
3b088c7d19b1d7b56f5842e39b29e06d,112,1,1,589460,2040,99,2,0,0,5df2526720f9ac092e202de922f5a65f,59c61598abe68e36e2a0f6b24f5344a9,2ffe19dc39838eaa55a52d7b2fbd687c,0370a0d090da0d0edc6319f120187e0e,2,4,4,0
3b088c7d19b1d7b56f5842e39b29e06d,114,2,1,589580,1920,6,2,0,0,e2d25dd55740327314a2a0b874621ba8,59fa10b4c9f3cd3cf1048a41966fe24e,0370a0d090da0d0edc6319f120187e0e,0370a0d090da0d0edc6319f120187e0e,3,5,0,0
3b088c7d19b1d7b56f5842e39b29e06d,115,4,1,589600,1890,0,0,0,0,5df2526720f9ac092e202de922f5a65f,ffc3716da11461d5337f42c2e9590797,0370a0d090da0d0edc6319f120187e0e,0370a0d090da0d0edc6319f120187e0e,3,4,0,0
3b088c7d19b1d7b56f5842e39b29e06d,116,1,1,589640,1850,80,3,1,0,5df2526720f9ac092e202de922f5a65f,2ffe19dc39838eaa55a52d7b2fbd687c,0370a0d090da0d0edc6319f120187e0e,0370a0d090da0d0edc6319f120187e0e,2,4,0,0
3b088c7d19b1d7b56f5842e39b29e06d,117,2,1,589870,1620,1,3,0,0,e2d25dd55740327314a2a0b874621ba8,545561642487bf6991898bd62e9c3172,0370a0d090da0d0edc6319f120187e0e,0370a0d090da0d0edc6319f120187e0e,3,5,0,0
3b088c7d19b1d7b56f5842e39b29e06d,118,4,1,589900,1600,0,0,0,0,5df2526720f9ac092e202de922f5a65f,2ffe19dc39838eaa55a52d7b2fbd687c,0370a0d090da0d0edc6319f120187e0e,0370a0d090da0d0edc6319f120187e0e,3,4,0,0
3b088c7d19b1d7b56f5842e39b29e06d,119,2,1,589930,1560,1,3,1,0,5df2526720f9ac092e202de922f5a65f,2ffe19dc39838eaa55a52d7b2fbd687c,0370a0d090da0d0edc6319f120187e0e,0370a0d090da0d0edc6319f120187e0e,2,4,0,0
3b088c7d19b1d7b56f5842e39b29e06d,120,4,1,589970,1540,0,0,0,0,e2d25dd55740327314a2a0b874621ba8,ec1701b0740d49558c0e4292fbcf5d28,0370a0d090da0d0edc6319f120187e0e,0370a0d090da0d0edc6319f120187e0e,2,5,0,0
3b088c7d19b1d7b56f5842e39b29e06d,121,1,1,590020,1470,108,2,0,0,e2d25dd55740327314a2a0b874621ba8,ec1701b0740d49558c0e4292fbcf5d28,ce84530bdb8f4a9e7cf97e14d536b8a0,0370a0d090da0d0edc6319f120187e0e,3,5,5,0
3b088c7d19b1d7b56f5842e39b29e06d,123,2,1,590290,1210,6,2,0,0,5df2526720f9ac092e202de922f5a65f,2ffe19dc39838eaa55a52d7b2fbd687c,0370a0d090da0d0edc6319f120187e0e,0370a0d090da0d0edc6319f120187e0e,2,4,0,0
3b088c7d19b1d7b56f5842e39b29e06d,124,4,1,590330,1160,0,0,0,0,5df2526720f9ac092e202de922f5a65f,59c61598abe68e36e2a0f6b24f5344a9,0370a0d090da0d0edc6319f120187e0e,0370a0d090da0d0edc6319f120187e0e,2,4,0,0
3b088c7d19b1d7b56f5842e39b29e06d,125,5,1,590450,1060,40,0,0,0,5df2526720f9ac092e202de922f5a65f,cf76849b2d40cd089fa8fe823846b717,0370a0d090da0d0edc6319f120187e0e,81efe876f336ab00d7331d21e9ac06dd,2,4,0,1
3b088c7d19b1d7b56f5842e39b29e06d,126,8,1,590470,1060,0,0,0,0,5df2526720f9ac092e202de922f5a65f,2ffe19dc39838eaa55a52d7b2fbd687c,7a1c1f680a11456d505f05fa70712213,0370a0d090da0d0edc6319f120187e0e,3,4,4,0
3b088c7d19b1d7b56f5842e39b29e06d,127,8,1,590470,1060,0,0,0,0,e2d25dd55740327314a2a0b874621ba8,ce84530bdb8f4a9e7cf97e14d536b8a0,355440241677831feb31321e4f47389c,0370a0d090da0d0edc6319f120187e0e,3,5,5,0
3b088c7d19b1d7b56f5842e39b29e06d,128,8,1,590470,1060,0,0,0,0,e2d25dd55740327314a2a0b874621ba8,59fa10b4c9f3cd3cf1048a41966fe24e,f85a47779c423d73ea3b2aa48c54ff8b,0370a0d090da0d0edc6319f120187e0e,3,5,5,0
3b088c7d19b1d7b56f5842e39b29e06d,132,2,1,590770,920,79,2,0,0,e2d25dd55740327314a2a0b874621ba8,fe4fc80aa14544264b2eca38dbe85bd1,0370a0d090da0d0edc6319f120187e0e,0370a0d090da0d0edc6319f120187e0e,3,5,0,0
3b088c7d19b1d7b56f5842e39b29e06d,133,4,1,590800,900,0,0,0,0,5df2526720f9ac092e202de922f5a65f,71646c64f62c2748740c45b469e0d611,0370a0d090da0d0edc6319f120187e0e,0370a0d090da0d0edc6319f120187e0e,3,4,0,0
3b088c7d19b1d7b56f5842e39b29e06d,134,5,1,590850,840,1,1,0,0,5df2526720f9ac092e202de922f5a65f,71646c64f62c2748740c45b469e0d611,355440241677831feb31321e4f47389c,0370a0d090da0d0edc6319f120187e0e,2,4,5,0
3b088c7d19b1d7b56f5842e39b29e06d,136,5,1,590950,740,2,1,0,0,e2d25dd55740327314a2a0b874621ba8,fe4fc80aa14544264b2eca38dbe85bd1,cf76849b2d40cd089fa8fe823846b717,0370a0d090da0d0edc6319f120187e0e,3,5,4,0
3b088c7d19b1d7b56f5842e39b29e06d,138,1,1,591000,690,1,3,1,0,5df2526720f9ac092e202de922f5a65f,cf76849b2d40cd089fa8fe823846b717,7a1c1f680a11456d505f05fa70712213,0370a0d090da0d0edc6319f120187e0e,2,4,4,0
3b088c7d19b1d7b56f5842e39b29e06d,140,1,1,591260,435,1,3,0,0,e2d25dd55740327314a2a0b874621ba8,f85a47779c423d73ea3b2aa48c54ff8b,545561642487bf6991898bd62e9c3172,0370a0d090da0d0edc6319f120187e0e,3,5,5,0
3b088c7d19b1d7b56f5842e39b29e06d,142,2,1,591450,295,1,3,0,0,5df2526720f9ac092e202de922f5a65f,ffc3716da11461d5337f42c2e9590797,0370a0d090da0d0edc6319f120187e0e,0370a0d090da0d0edc6319f120187e0e,2,4,0,0
3b088c7d19b1d7b56f5842e39b29e06d,143,4,1,591480,260,0,0,0,0,e2d25dd55740327314a2a0b874621ba8,ec1701b0740d49558c0e4292fbcf5d28,0370a0d090da0d0edc6319f120187e0e,0370a0d090da0d0edc6319f120187e0e,2,5,0,0
3b088c7d19b1d7b56f5842e39b29e06d,144,2,1,591640,105,1,3,0,0,e2d25dd55740327314a2a0b874621ba8,f85a47779c423d73ea3b2aa48c54ff8b,0370a0d090da0d0edc6319f120187e0e,0370a0d090da0d0edc6319f120187e0e,3,5,0,0
3b088c7d19b1d7b56f5842e39b29e06d,145,4,1,591670,68,0,0,0,0,5df2526720f9ac092e202de922f5a65f,59c61598abe68e36e2a0f6b24f5344a9,0370a0d090da0d0edc6319f120187e0e,0370a0d090da0d0edc6319f120187e0e,3,4,0,0
3b088c7d19b1d7b56f5842e39b29e06d,146,2,1,591740,7,1,3,0,0,5df2526720f9ac092e202de922f5a65f,ffc3716da11461d5337f42c2e9590797,0370a0d090da0d0edc6319f120187e0e,0370a0d090da0d0edc6319f120187e0e,2,4,0,0
3b088c7d19b1d7b56f5842e39b29e06d,147,4,1,591770,7,0,0,0,0,5df2526720f9ac092e202de922f5a65f,1f67aefd482a400ad8efa1f751128efb,0370a0d090da0d0edc6319f120187e0e,0370a0d090da0d0edc6319f120187e0e,2,2,0,0
3b088c7d19b1d7b56f5842e39b29e06d,148,13,1,591830,0,0,0,0,0,5df2526720f9ac092e202de922f5a65f,0370a0d090da0d0edc6319f120187e0e,0370a0d090da0d0edc6319f120187e0e,0370a0d090da0d0edc6319f120187e0e,2,0,0,0
3b088c7d19b1d7b56f5842e39b29e06d,151,12,2,593930,7200,0,0,0,0,5df2526720f9ac092e202de922f5a65f,0370a0d090da0d0edc6319f120187e0e,0370a0d090da0d0edc6319f120187e0e,0370a0d090da0d0edc6319f120187e0e,2,0,0,0
3b088c7d19b1d7b56f5842e39b29e06d,152,2,2,594100,7030,75,2,0,0,5df2526720f9ac092e202de922f5a65f,71646c64f62c2748740c45b469e0d611,0370a0d090da0d0edc6319f120187e0e,0370a0d090da0d0edc6319f120187e0e,2,4,0,0
3b088c7d19b1d7b56f5842e39b29e06d,153,4,2,594120,7010,0,0,0,0,e2d25dd55740327314a2a0b874621ba8,6fd2a56d4457a4617bc4931d6c9f3f31,0370a0d090da0d0edc6319f120187e0e,0370a0d090da0d0edc6319f120187e0e,2,5,0,0
3b088c7d19b1d7b56f5842e39b29e06d,154,2,2,594320,6810,101,2,0,0,e2d25dd55740327314a2a0b874621ba8,355440241677831feb31321e4f47389c,0370a0d090da0d0edc6319f120187e0e,0370a0d090da0d0edc6319f120187e0e,3,5,0,0
3b088c7d19b1d7b56f5842e39b29e06d,155,4,2,594340,6780,0,0,0,0,5df2526720f9ac092e202de922f5a65f,7a1c1f680a11456d505f05fa70712213,0370a0d090da0d0edc6319f120187e0e,0370a0d090da0d0edc6319f120187e0e,3,4,0,0
3b088c7d19b1d7b56f5842e39b29e06d,156,2,2,594400,6730,5,2,1,0,5df2526720f9ac092e202de922f5a65f,7a1c1f680a11456d505f05fa70712213,0370a0d090da0d0edc6319f120187e0e,0370a0d090da0d0edc6319f120187e0e,2,4,0,0
3b088c7d19b1d7b56f5842e39b29e06d,157,4,2,594410,6710,0,0,0,0,e2d25dd55740327314a2a0b874621ba8,6fd2a56d4457a4617bc4931d6c9f3f31,0370a0d090da0d0edc6319f120187e0e,0370a0d090da0d0edc6319f120187e0e,2,5,0,0
3b088c7d19b1d7b56f5842e39b29e06d,158,2,2,594580,6550,1,3,0,0,e2d25dd55740327314a2a0b874621ba8,355440241677831feb31321e4f47389c,0370a0d090da0d0edc6319f120187e0e,0370a0d090da0d0edc6319f120187e0e,3,5,0,0
3b088c7d19b1d7b56f5842e39b29e06d,159,4,2,594610,6510,0,0,0,0,e2d25dd55740327314a2a0b874621ba8,ec1701b0740d49558c0e4292fbcf5d28,0370a0d090da0d0edc6319f120187e0e,0370a0d090da0d0edc6319f120187e0e,3,5,0,0
3b088c7d19b1d7b56f5842e39b29e06d,160,2,2,594640,6480,79,2,0,0,e2d25dd55740327314a2a0b874621ba8,545561642487bf6991898bd62e9c3172,0370a0d090da0d0edc6319f120187e0e,0370a0d090da0d0edc6319f120187e0e,3,5,0,0
3b088c7d19b1d7b56f5842e39b29e06d,161,4,2,594680,6440,0,0,0,0,5df2526720f9ac092e202de922f5a65f,cf76849b2d40cd089fa8fe823846b717,0370a0d090da0d0edc6319f120187e0e,0370a0d090da0d0edc6319f120187e0e,3,4,0,0
3b088c7d19b1d7b56f5842e39b29e06d,162,1,2,594760,6360,98,2,0,0,5df2526720f9ac092e202de922f5a65f,59c61598abe68e36e2a0f6b24f5344a9,7a1c1f680a11456d505f05fa70712213,0370a0d090da0d0edc6319f120187e0e,2,4,4,0
3b088c7d19b1d7b56f5842e39b29e06d,164,2,2,594930,6190,101,2,0,0,e2d25dd55740327314a2a0b874621ba8,355440241677831feb31321e4f47389c,0370a0d090da0d0edc6319f120187e0e,0370a0d090da0d0edc6319f120187e0e,3,5,0,0
3b088c7d19b1d7b56f5842e39b29e06d,165,4,2,594980,6170,0,0,0,0,e2d25dd55740327314a2a0b874621ba8,355440241677831feb31321e4f47389c,0370a0d090da0d0edc6319f120187e0e,0370a0d090da0d0edc6319f120187e0e,3,5,0,0
3b088c7d19b1d7b56f5842e39b29e06d,222,2,2,595000,6170,97,2,0,0,e2d25dd55740327314a2a0b874621ba8,355440241677831feb31321e4f47389c,0370a0d090da0d0edc6319f120187e0e,0370a0d090da0d0edc6319f120187e0e,3,5,0,0
3b088c7d19b1d7b56f5842e39b29e06d,223,4,2,595000,6150,0,0,0,0,e2d25dd55740327314a2a0b874621ba8,545561642487bf6991898bd62e9c3172,0370a0d090da0d0edc6319f120187e0e,0370a0d090da0d0edc6319f120187e0e,3,5,0,0
3b088c7d19b1d7b56f5842e39b29e06d,166,1,2,595080,6050,7,2,0,0,e2d25dd55740327314a2a0b874621ba8,ec1701b0740d49558c0e4292fbcf5d28,f85a47779c423d73ea3b2aa48c54ff8b,0370a0d090da0d0edc6319f120187e0e,3,5,5,0
3b088c7d19b1d7b56f5842e39b29e06d,168,2,2,595270,5850,1,3,0,0,5df2526720f9ac092e202de922f5a65f,cf76849b2d40cd089fa8fe823846b717,0370a0d090da0d0edc6319f120187e0e,0370a0d090da0d0edc6319f120187e0e,2,4,0,0
3b088c7d19b1d7b56f5842e39b29e06d,169,4,2,595300,5820,0,0,0,0,e2d25dd55740327314a2a0b874621ba8,ec1701b0740d49558c0e4292fbcf5d28,0370a0d090da0d0edc6319f120187e0e,0370a0d090da0d0edc6319f120187e0e,2,5,0,0
3b088c7d19b1d7b56f5842e39b29e06d,170,1,2,595360,5800,102,2,0,0,e2d25dd55740327314a2a0b874621ba8,355440241677831feb31321e4f47389c,0370a0d090da0d0edc6319f120187e0e,0370a0d090da0d0edc6319f120187e0e,3,5,0,0
3b088c7d19b1d7b56f5842e39b29e06d,171,6,2,595400,5800,2,0,0,1,5df2526720f9ac092e202de922f5a65f,ffc3716da11461d5337f42c2e9590797,355440241677831feb31321e4f47389c,81efe876f336ab00d7331d21e9ac06dd,3,4,5,1
3b088c7d19b1d7b56f5842e39b29e06d,173,8,2,595460,5800,0,0,0,0,5df2526720f9ac092e202de922f5a65f,ffc3716da11461d5337f42c2e9590797,682ee02d38c947defb4cf5e30fba6f96,0370a0d090da0d0edc6319f120187e0e,3,4,4,0
3b088c7d19b1d7b56f5842e39b29e06d,174,8,2,595460,5800,0,0,0,0,5df2526720f9ac092e202de922f5a65f,59c61598abe68e36e2a0f6b24f5344a9,16d76c912992709c8be29b896b8f9417,0370a0d090da0d0edc6319f120187e0e,3,4,4,0
3b088c7d19b1d7b56f5842e39b29e06d,177,3,2,595770,5800,10,1,0,0,e2d25dd55740327314a2a0b874621ba8,355440241677831feb31321e4f47389c,0370a0d090da0d0edc6319f120187e0e,0370a0d090da0d0edc6319f120187e0e,3,5,0,0
3b088c7d19b1d7b56f5842e39b29e06d,178,1,2,595940,5650,1,3,0,0,5df2526720f9ac092e202de922f5a65f,71646c64f62c2748740c45b469e0d611,cf76849b2d40cd089fa8fe823846b717,0370a0d090da0d0edc6319f120187e0e,2,4,4,0
3b088c7d19b1d7b56f5842e39b29e06d,180,1,2,596130,5450,98,2,0,0,e2d25dd55740327314a2a0b874621ba8,355440241677831feb31321e4f47389c,545561642487bf6991898bd62e9c3172,0370a0d090da0d0edc6319f120187e0e,3,5,5,0
3b088c7d19b1d7b56f5842e39b29e06d,182,1,2,596280,5300,63,2,0,0,5df2526720f9ac092e202de922f5a65f,7a1c1f680a11456d505f05fa70712213,0370a0d090da0d0edc6319f120187e0e,0370a0d090da0d0edc6319f120187e0e,2,4,0,0
3b088c7d19b1d7b56f5842e39b29e06d,183,1,2,596370,5220,79,2,0,0,e2d25dd55740327314a2a0b874621ba8,355440241677831feb31321e4f47389c,0370a0d090da0d0edc6319f120187e0e,0370a0d090da0d0edc6319f120187e0e,3,5,0,0
3b088c7d19b1d7b56f5842e39b29e06d,184,6,2,596420,5190,1,0,0,0,e2d25dd55740327314a2a0b874621ba8,f85a47779c423d73ea3b2aa48c54ff8b,7a1c1f680a11456d505f05fa70712213,ac21e8bb2de39db8dec768c4e756b76f,2,5,4,1
3b088c7d19b1d7b56f5842e39b29e06d,186,1,2,596750,5040,6,2,0,0,5df2526720f9ac092e202de922f5a65f,cf76849b2d40cd089fa8fe823846b717,71646c64f62c2748740c45b469e0d611,0370a0d090da0d0edc6319f120187e0e,2,4,4,0
3b088c7d19b1d7b56f5842e39b29e06d,188,6,2,596790,5040,2,0,0,1,e2d25dd55740327314a2a0b874621ba8,ec1701b0740d49558c0e4292fbcf5d28,cf76849b2d40cd089fa8fe823846b717,0dbfa74eaa91ec9fc8b56a0988d678bb,2,5,4,1
3b088c7d19b1d7b56f5842e39b29e06d,190,8,2,596880,5040,0,0,0,0,e2d25dd55740327314a2a0b874621ba8,545561642487bf6991898bd62e9c3172,59fa10b4c9f3cd3cf1048a41966fe24e,0370a0d090da0d0edc6319f120187e0e,2,5,5,0
3b088c7d19b1d7b56f5842e39b29e06d,192,3,2,597050,5040,10,1,0,0,5df2526720f9ac092e202de922f5a65f,cf76849b2d40cd089fa8fe823846b717,0370a0d090da0d0edc6319f120187e0e,0370a0d090da0d0edc6319f120187e0e,2,4,0,0
3b088c7d19b1d7b56f5842e39b29e06d,193,20,2,597250,4880,3,0,0,0,e2d25dd55740327314a2a0b874621ba8,0370a0d090da0d0edc6319f120187e0e,0370a0d090da0d0edc6319f120187e0e,0370a0d090da0d0edc6319f120187e0e,3,0,0,0
3b088c7d19b1d7b56f5842e39b29e06d,194,8,2,597260,4880,0,0,0,0,e2d25dd55740327314a2a0b874621ba8,f85a47779c423d73ea3b2aa48c54ff8b,5254f09164f6bcfba80a12e595ca4724,0370a0d090da0d0edc6319f120187e0e,3,5,5,0
3b088c7d19b1d7b56f5842e39b29e06d,195,8,2,597260,4880,0,0,0,0,e2d25dd55740327314a2a0b874621ba8,ec1701b0740d49558c0e4292fbcf5d28,ce84530bdb8f4a9e7cf97e14d536b8a0,0370a0d090da0d0edc6319f120187e0e,3,5,5,0
3b088c7d19b1d7b56f5842e39b29e06d,198,1,2,597520,4810,108,2,0,0,e2d25dd55740327314a2a0b874621ba8,ce84530bdb8f4a9e7cf97e14d536b8a0,59fa10b4c9f3cd3cf1048a41966fe24e,0370a0d090da0d0edc6319f120187e0e,3,5,5,0
3b088c7d19b1d7b56f5842e39b29e06d,200,1,2,597750,4580,1,3,0,0,5df2526720f9ac092e202de922f5a65f,7a1c1f680a11456d505f05fa70712213,0370a0d090da0d0edc6319f120187e0e,0370a0d090da0d0edc6319f120187e0e,2,4,0,0
3b088c7d19b1d7b56f5842e39b29e06d,201,6,2,597900,4460,2,0,0,2,5df2526720f9ac092e202de922f5a65f,71646c64f62c2748740c45b469e0d611,355440241677831feb31321e4f47389c,81efe876f336ab00d7331d21e9ac06dd,3,4,5,1
3b088c7d19b1d7b56f5842e39b29e06d,203,3,2,598180,4460,11,1,0,0,e2d25dd55740327314a2a0b874621ba8,355440241677831feb31321e4f47389c,0370a0d090da0d0edc6319f120187e0e,0370a0d090da0d0edc6319f120187e0e,3,5,0,0
3b088c7d19b1d7b56f5842e39b29e06d,204,8,2,598190,4460,0,0,0,0,5df2526720f9ac092e202de922f5a65f,71646c64f62c2748740c45b469e0d611,2ffe19dc39838eaa55a52d7b2fbd687c,0370a0d090da0d0edc6319f120187e0e,3,4,4,0
3b088c7d19b1d7b56f5842e39b29e06d,206,3,2,598420,4460,12,1,0,0,e2d25dd55740327314a2a0b874621ba8,355440241677831feb31321e4f47389c,0370a0d090da0d0edc6319f120187e0e,0370a0d090da0d0edc6319f120187e0e,3,5,0,0
3b088c7d19b1d7b56f5842e39b29e06d,207,5,2,598590,4310,2,1,0,0,5df2526720f9ac092e202de922f5a65f,cf76849b2d40cd089fa8fe823846b717,ce84530bdb8f4a9e7cf97e14d536b8a0,0370a0d090da0d0edc6319f120187e0e,2,4,5,0
3b088c7d19b1d7b56f5842e39b29e06d,209,1,2,598650,4250,1,3,1,0,e2d25dd55740327314a2a0b874621ba8,6fd2a56d4457a4617bc4931d6c9f3f31,59fa10b4c9f3cd3cf1048a41966fe24e,0370a0d090da0d0edc6319f120187e0e,3,5,5,0
3b088c7d19b1d7b56f5842e39b29e06d,211,1,2,598860,4040,58,2,0,0,5df2526720f9ac092e202de922f5a65f,16d76c912992709c8be29b896b8f9417,2ffe19dc39838eaa55a52d7b2fbd687c,0370a0d090da0d0edc6319f120187e0e,2,4,4,0
3b088c7d19b1d7b56f5842e39b29e06d,213,1,2,599080,3820,75,2,0,0,e2d25dd55740327314a2a0b874621ba8,ce84530bdb8f4a9e7cf97e14d536b8a0,355440241677831feb31321e4f47389c,0370a0d090da0d0edc6319f120187e0e,3,5,5,0
3b088c7d19b1d7b56f5842e39b29e06d,215,1,2,599280,3610,1,3,0,0,5df2526720f9ac092e202de922f5a65f,16d76c912992709c8be29b896b8f9417,7a1c1f680a11456d505f05fa70712213,0370a0d090da0d0edc6319f120187e0e,2,4,4,0
3b088c7d19b1d7b56f5842e39b29e06d,217,2,2,599390,3500,79,3,0,0,e2d25dd55740327314a2a0b874621ba8,59fa10b4c9f3cd3cf1048a41966fe24e,0370a0d090da0d0edc6319f120187e0e,0370a0d090da0d0edc6319f120187e0e,3,5,0,0
3b088c7d19b1d7b56f5842e39b29e06d,218,4,2,599440,3460,0,0,0,0,5df2526720f9ac092e202de922f5a65f,16d76c912992709c8be29b896b8f9417,0370a0d090da0d0edc6319f120187e0e,0370a0d090da0d0edc6319f120187e0e,3,4,0,0
3b088c7d19b1d7b56f5842e39b29e06d,219,1,2,599500,3410,98,2,0,0,5df2526720f9ac092e202de922f5a65f,16d76c912992709c8be29b896b8f9417,7a1c1f680a11456d505f05fa70712213,0370a0d090da0d0edc6319f120187e0e,2,4,4,0
3b088c7d19b1d7b56f5842e39b29e06d,221,9,2,599540,3410,1,0,0,0,e2d25dd55740327314a2a0b874621ba8,db997674156aaff04aede51c0be7f8cf,0370a0d090da0d0edc6319f120187e0e,0370a0d090da0d0edc6319f120187e0e,3,3,0,0
3b088c7d19b1d7b56f5842e39b29e06d,224,8,2,601080,3410,0,0,0,0,5df2526720f9ac092e202de922f5a65f,7a1c1f680a11456d505f05fa70712213,71646c64f62c2748740c45b469e0d611,0370a0d090da0d0edc6319f120187e0e,3,4,4,0
3b088c7d19b1d7b56f5842e39b29e06d,225,8,2,601080,3410,0,0,0,0,5df2526720f9ac092e202de922f5a65f,cf76849b2d40cd089fa8fe823846b717,ade82b71d52bf8ebd00f724b25c87e95,0370a0d090da0d0edc6319f120187e0e,3,4,4,0
3b088c7d19b1d7b56f5842e39b29e06d,226,8,2,601080,3410,0,0,0,0,e2d25dd55740327314a2a0b874621ba8,6fd2a56d4457a4617bc4931d6c9f3f31,f85a47779c423d73ea3b2aa48c54ff8b,0370a0d090da0d0edc6319f120187e0e,3,5,5,0
3b088c7d19b1d7b56f5842e39b29e06d,230,6,2,601860,3250,1,0,0,0,5df2526720f9ac092e202de922f5a65f,ade82b71d52bf8ebd00f724b25c87e95,ce84530bdb8f4a9e7cf97e14d536b8a0,0dbfa74eaa91ec9fc8b56a0988d678bb,3,4,5,1
3b088c7d19b1d7b56f5842e39b29e06d,232,6,2,602190,3130,2,0,0,2,5df2526720f9ac092e202de922f5a65f,16d76c912992709c8be29b896b8f9417,5254f09164f6bcfba80a12e595ca4724,81efe876f336ab00d7331d21e9ac06dd,3,4,5,1
3b088c7d19b1d7b56f5842e39b29e06d,234,3,2,602440,3130,11,2,0,0,e2d25dd55740327314a2a0b874621ba8,5254f09164f6bcfba80a12e595ca4724,0370a0d090da0d0edc6319f120187e0e,0370a0d090da0d0edc6319f120187e0e,3,5,0,0
3b088c7d19b1d7b56f5842e39b29e06d,235,4,2,602440,3130,1,0,0,0,e2d25dd55740327314a2a0b874621ba8,db997674156aaff04aede51c0be7f8cf,0370a0d090da0d0edc6319f120187e0e,0370a0d090da0d0edc6319f120187e0e,3,3,0,0
3b088c7d19b1d7b56f5842e39b29e06d,236,3,2,602610,3130,12,1,0,0,e2d25dd55740327314a2a0b874621ba8,5254f09164f6bcfba80a12e595ca4724,0370a0d090da0d0edc6319f120187e0e,0370a0d090da0d0edc6319f120187e0e,3,5,0,0
3b088c7d19b1d7b56f5842e39b29e06d,237,5,2,602780,2990,45,0,0,0,5df2526720f9ac092e202de922f5a65f,2ffe19dc39838eaa55a52d7b2fbd687c,0370a0d090da0d0edc6319f120187e0e,ac21e8bb2de39db8dec768c4e756b76f,2,4,0,1
3b088c7d19b1d7b56f5842e39b29e06d,238,2,2,602950,2880,5,2,0,0,e2d25dd55740327314a2a0b874621ba8,355440241677831feb31321e4f47389c,0370a0d090da0d0edc6319f120187e0e,0370a0d090da0d0edc6319f120187e0e,3,5,0,0
3b088c7d19b1d7b56f5842e39b29e06d,239,4,2,602960,2860,0,0,0,0,e2d25dd55740327314a2a0b874621ba8,5254f09164f6bcfba80a12e595ca4724,0370a0d090da0d0edc6319f120187e0e,0370a0d090da0d0edc6319f120187e0e,3,5,0,0
3b088c7d19b1d7b56f5842e39b29e06d,240,2,2,602970,2850,5,2,0,0,e2d25dd55740327314a2a0b874621ba8,5254f09164f6bcfba80a12e595ca4724,0370a0d090da0d0edc6319f120187e0e,16d76c912992709c8be29b896b8f9417,3,5,0,4
3b088c7d19b1d7b56f5842e39b29e06d,242,4,2,603000,2830,0,0,0,0,5df2526720f9ac092e202de922f5a65f,2ffe19dc39838eaa55a52d7b2fbd687c,0370a0d090da0d0edc6319f120187e0e,0370a0d090da0d0edc6319f120187e0e,3,4,0,0
3b088c7d19b1d7b56f5842e39b29e06d,243,1,2,603110,2760,101,2,0,0,5df2526720f9ac092e202de922f5a65f,2ffe19dc39838eaa55a52d7b2fbd687c,16d76c912992709c8be29b896b8f9417,0370a0d090da0d0edc6319f120187e0e,2,4,4,0
3b088c7d19b1d7b56f5842e39b29e06d,244,7,2,603240,2760,2,0,0,0,e2d25dd55740327314a2a0b874621ba8,59fa10b4c9f3cd3cf1048a41966fe24e,0370a0d090da0d0edc6319f120187e0e,0dbfa74eaa91ec9fc8b56a0988d678bb,2,5,0,1
3b088c7d19b1d7b56f5842e39b29e06d,245,1,2,603400,2620,1,3,0,0,e2d25dd55740327314a2a0b874621ba8,f85a47779c423d73ea3b2aa48c54ff8b,59fa10b4c9f3cd3cf1048a41966fe24e,0370a0d090da0d0edc6319f120187e0e,3,5,5,0
3b088c7d19b1d7b56f5842e39b29e06d,247,2,2,603630,2390,80,2,0,0,5df2526720f9ac092e202de922f5a65f,71646c64f62c2748740c45b469e0d611,0370a0d090da0d0edc6319f120187e0e,0370a0d090da0d0edc6319f120187e0e,2,4,0,0
3b088c7d19b1d7b56f5842e39b29e06d,248,4,2,603670,2340,0,0,0,0,e2d25dd55740327314a2a0b874621ba8,ce84530bdb8f4a9e7cf97e14d536b8a0,0370a0d090da0d0edc6319f120187e0e,0370a0d090da0d0edc6319f120187e0e,2,5,0,0
3b088c7d19b1d7b56f5842e39b29e06d,249,1,2,603770,2240,5,2,0,0,e2d25dd55740327314a2a0b874621ba8,5254f09164f6bcfba80a12e595ca4724,355440241677831feb31321e4f47389c,0370a0d090da0d0edc6319f120187e0e,3,5,5,0
3b088c7d19b1d7b56f5842e39b29e06d,251,5,2,603990,2050,45,0,0,0,5df2526720f9ac092e202de922f5a65f,2ffe19dc39838eaa55a52d7b2fbd687c,0370a0d090da0d0edc6319f120187e0e,81efe876f336ab00d7331d21e9ac06dd,2,4,0,1
3b088c7d19b1d7b56f5842e39b29e06d,252,8,2,604030,2050,0,0,0,0,5df2526720f9ac092e202de922f5a65f,16d76c912992709c8be29b896b8f9417,7a1c1f680a11456d505f05fa70712213,0370a0d090da0d0edc6319f120187e0e,3,4,4,0
3b088c7d19b1d7b56f5842e39b29e06d,254,1,2,604390,1850,1,3,0,0,e2d25dd55740327314a2a0b874621ba8,355440241677831feb31321e4f47389c,59fa10b4c9f3cd3cf1048a41966fe24e,0370a0d090da0d0edc6319f120187e0e,3,5,5,0
3b088c7d19b1d7b56f5842e39b29e06d,256,2,2,604540,1690,1,3,0,0,5df2526720f9ac092e202de922f5a65f,2ffe19dc39838eaa55a52d7b2fbd687c,0370a0d090da0d0edc6319f120187e0e,0370a0d090da0d0edc6319f120187e0e,2,4,0,0
3b088c7d19b1d7b56f5842e39b29e06d,257,4,2,604570,1660,0,0,0,0,e2d25dd55740327314a2a0b874621ba8,59fa10b4c9f3cd3cf1048a41966fe24e,0370a0d090da0d0edc6319f120187e0e,0370a0d090da0d0edc6319f120187e0e,2,5,0,0
3b088c7d19b1d7b56f5842e39b29e06d,258,2,2,604640,1590,1,2,0,0,e2d25dd55740327314a2a0b874621ba8,59fa10b4c9f3cd3cf1048a41966fe24e,0370a0d090da0d0edc6319f120187e0e,682ee02d38c947defb4cf5e30fba6f96,3,5,0,4
3b088c7d19b1d7b56f5842e39b29e06d,260,4,2,604660,1570,0,0,0,0,5df2526720f9ac092e202de922f5a65f,ade82b71d52bf8ebd00f724b25c87e95,0370a0d090da0d0edc6319f120187e0e,0370a0d090da0d0edc6319f120187e0e,3,4,0,0
3b088c7d19b1d7b56f5842e39b29e06d,261,2,2,604740,1480,6,2,0,0,5df2526720f9ac092e202de922f5a65f,7a1c1f680a11456d505f05fa70712213,0370a0d090da0d0edc6319f120187e0e,0370a0d090da0d0edc6319f120187e0e,2,4,0,0
3b088c7d19b1d7b56f5842e39b29e06d,262,4,2,604770,1460,0,0,0,0,e2d25dd55740327314a2a0b874621ba8,f85a47779c423d73ea3b2aa48c54ff8b,0370a0d090da0d0edc6319f120187e0e,0370a0d090da0d0edc6319f120187e0e,2,5,0,0
3b088c7d19b1d7b56f5842e39b29e06d,263,5,2,604830,1390,1,1,0,0,e2d25dd55740327314a2a0b874621ba8,ce84530bdb8f4a9e7cf97e14d536b8a0,ade82b71d52bf8ebd00f724b25c87e95,0370a0d090da0d0edc6319f120187e0e,3,5,4,0
3b088c7d19b1d7b56f5842e39b29e06d,265,2,2,605000,1230,1,3,0,0,5df2526720f9ac092e202de922f5a65f,ade82b71d52bf8ebd00f724b25c87e95,0370a0d090da0d0edc6319f120187e0e,0370a0d090da0d0edc6319f120187e0e,2,4,0,0
3b088c7d19b1d7b56f5842e39b29e06d,266,4,2,605040,1190,0,0,0,0,e2d25dd55740327314a2a0b874621ba8,355440241677831feb31321e4f47389c,0370a0d090da0d0edc6319f120187e0e,0370a0d090da0d0edc6319f120187e0e,2,5,0,0
3b088c7d19b1d7b56f5842e39b29e06d,271,2,2,606320,1150,5,2,0,0,e2d25dd55740327314a2a0b874621ba8,5254f09164f6bcfba80a12e595ca4724,0370a0d090da0d0edc6319f120187e0e,0370a0d090da0d0edc6319f120187e0e,3,5,0,0
3b088c7d19b1d7b56f5842e39b29e06d,272,4,2,606360,1130,0,0,0,0,5df2526720f9ac092e202de922f5a65f,682ee02d38c947defb4cf5e30fba6f96,0370a0d090da0d0edc6319f120187e0e,0370a0d090da0d0edc6319f120187e0e,3,4,0,0
3b088c7d19b1d7b56f5842e39b29e06d,273,6,2,606420,1100,1,0,0,0,e2d25dd55740327314a2a0b874621ba8,5254f09164f6bcfba80a12e595ca4724,7a1c1f680a11456d505f05fa70712213,0dbfa74eaa91ec9fc8b56a0988d678bb,2,5,4,1
3b088c7d19b1d7b56f5842e39b29e06d,275,9,2,607010,1100,1,0,0,0,5df2526720f9ac092e202de922f5a65f,1f67aefd482a400ad8efa1f751128efb,0370a0d090da0d0edc6319f120187e0e,0370a0d090da0d0edc6319f120187e0e,2,2,0,0
3b088c7d19b1d7b56f5842e39b29e06d,276,8,2,607040,1100,0,0,0,0,5df2526720f9ac092e202de922f5a65f,682ee02d38c947defb4cf5e30fba6f96,16d76c912992709c8be29b896b8f9417,0370a0d090da0d0edc6319f120187e0e,2,4,4,0
3b088c7d19b1d7b56f5842e39b29e06d,278,6,2,607470,1040,1,1,0,2,e2d25dd55740327314a2a0b874621ba8,f85a47779c423d73ea3b2aa48c54ff8b,7a1c1f680a11456d505f05fa70712213,0dbfa74eaa91ec9fc8b56a0988d678bb,2,5,4,1
3b088c7d19b1d7b56f5842e39b29e06d,280,3,2,607720,1040,11,1,0,0,5df2526720f9ac092e202de922f5a65f,7a1c1f680a11456d505f05fa70712213,0370a0d090da0d0edc6319f120187e0e,0370a0d090da0d0edc6319f120187e0e,2,4,0,0
3b088c7d19b1d7b56f5842e39b29e06d,281,3,2,607850,1040,12,1,0,0,5df2526720f9ac092e202de922f5a65f,7a1c1f680a11456d505f05fa70712213,0370a0d090da0d0edc6319f120187e0e,0370a0d090da0d0edc6319f120187e0e,2,4,0,0
3b088c7d19b1d7b56f5842e39b29e06d,282,2,2,608050,860,1,3,0,0,e2d25dd55740327314a2a0b874621ba8,f85a47779c423d73ea3b2aa48c54ff8b,0370a0d090da0d0edc6319f120187e0e,0370a0d090da0d0edc6319f120187e0e,3,5,0,0
3b088c7d19b1d7b56f5842e39b29e06d,283,4,2,608080,850,0,0,0,0,e2d25dd55740327314a2a0b874621ba8,5254f09164f6bcfba80a12e595ca4724,0370a0d090da0d0edc6319f120187e0e,0370a0d090da0d0edc6319f120187e0e,3,5,0,0
3b088c7d19b1d7b56f5842e39b29e06d,284,6,2,608110,830,1,1,0,2,5df2526720f9ac092e202de922f5a65f,7a1c1f680a11456d505f05fa70712213,5254f09164f6bcfba80a12e595ca4724,0dbfa74eaa91ec9fc8b56a0988d678bb,3,4,5,1
3b088c7d19b1d7b56f5842e39b29e06d,286,3,2,608390,830,11,2,0,0,e2d25dd55740327314a2a0b874621ba8,5254f09164f6bcfba80a12e595ca4724,0370a0d090da0d0edc6319f120187e0e,0370a0d090da0d0edc6319f120187e0e,3,5,0,0
3b088c7d19b1d7b56f5842e39b29e06d,287,4,2,608390,830,1,0,0,0,e2d25dd55740327314a2a0b874621ba8,db997674156aaff04aede51c0be7f8cf,0370a0d090da0d0edc6319f120187e0e,0370a0d090da0d0edc6319f120187e0e,3,3,0,0
3b088c7d19b1d7b56f5842e39b29e06d,288,8,2,608440,830,0,0,0,0,e2d25dd55740327314a2a0b874621ba8,f85a47779c423d73ea3b2aa48c54ff8b,545561642487bf6991898bd62e9c3172,0370a0d090da0d0edc6319f120187e0e,3,5,5,0
3b088c7d19b1d7b56f5842e39b29e06d,290,3,2,608570,830,12,1,0,0,e2d25dd55740327314a2a0b874621ba8,5254f09164f6bcfba80a12e595ca4724,0370a0d090da0d0edc6319f120187e0e,0370a0d090da0d0edc6319f120187e0e,3,5,0,0
3b088c7d19b1d7b56f5842e39b29e06d,291,2,2,608800,610,1,3,0,0,5df2526720f9ac092e202de922f5a65f,71646c64f62c2748740c45b469e0d611,0370a0d090da0d0edc6319f120187e0e,0370a0d090da0d0edc6319f120187e0e,2,4,0,0
3b088c7d19b1d7b56f5842e39b29e06d,292,4,2,608810,600,0,0,0,0,5df2526720f9ac092e202de922f5a65f,ade82b71d52bf8ebd00f724b25c87e95,0370a0d090da0d0edc6319f120187e0e,0370a0d090da0d0edc6319f120187e0e,2,4,0,0
3b088c7d19b1d7b56f5842e39b29e06d,293,1,2,608830,576,1,3,0,0,5df2526720f9ac092e202de922f5a65f,7a1c1f680a11456d505f05fa70712213,ade82b71d52bf8ebd00f724b25c87e95,0370a0d090da0d0edc6319f120187e0e,2,4,4,0
3b088c7d19b1d7b56f5842e39b29e06d,295,2,2,609010,435,1,3,0,0,e2d25dd55740327314a2a0b874621ba8,ce84530bdb8f4a9e7cf97e14d536b8a0,0370a0d090da0d0edc6319f120187e0e,0370a0d090da0d0edc6319f120187e0e,3,5,0,0
3b088c7d19b1d7b56f5842e39b29e06d,296,4,2,609040,406,0,0,0,0,5df2526720f9ac092e202de922f5a65f,16d76c912992709c8be29b896b8f9417,0370a0d090da0d0edc6319f120187e0e,0370a0d090da0d0edc6319f120187e0e,3,4,0,0
3b088c7d19b1d7b56f5842e39b29e06d,297,1,2,609100,337,79,3,0,0,5df2526720f9ac092e202de922f5a65f,7a1c1f680a11456d505f05fa70712213,0370a0d090da0d0edc6319f120187e0e,0370a0d090da0d0edc6319f120187e0e,2,4,0,0
3b088c7d19b1d7b56f5842e39b29e06d,298,2,2,609270,195,1,3,0,0,e2d25dd55740327314a2a0b874621ba8,545561642487bf6991898bd62e9c3172,0370a0d090da0d0edc6319f120187e0e,0370a0d090da0d0edc6319f120187e0e,3,5,0,0
3b088c7d19b1d7b56f5842e39b29e06d,299,4,2,609320,166,0,0,0,0,e2d25dd55740327314a2a0b874621ba8,5254f09164f6bcfba80a12e595ca4724,0370a0d090da0d0edc6319f120187e0e,0370a0d090da0d0edc6319f120187e0e,3,5,0,0
3b088c7d19b1d7b56f5842e39b29e06d,300,1,2,609320,166,7,2,0,0,e2d25dd55740327314a2a0b874621ba8,5254f09164f6bcfba80a12e595ca4724,0370a0d090da0d0edc6319f120187e0e,0370a0d090da0d0edc6319f120187e0e,3,5,0,0
3b088c7d19b1d7b56f5842e39b29e06d,301,1,2,609510,11,1,3,0,0,5df2526720f9ac092e202de922f5a65f,16d76c912992709c8be29b896b8f9417,7a1c1f680a11456d505f05fa70712213,0370a0d090da0d0edc6319f120187e0e,2,4,4,0
3b088c7d19b1d7b56f5842e39b29e06d,303,13,2,609680,0,0,0,0,0,e2d25dd55740327314a2a0b874621ba8,0370a0d090da0d0edc6319f120187e0e,0370a0d090da0d0edc6319f120187e0e,0370a0d090da0d0edc6319f120187e0e,3,0,0,0
3b088c7d19b1d7b56f5842e39b29e06d,310,12,3,619550,7200,0,0,0,0,5df2526720f9ac092e202de922f5a65f,0370a0d090da0d0edc6319f120187e0e,0370a0d090da0d0edc6319f120187e0e,0370a0d090da0d0edc6319f120187e0e,2,0,0,0
3b088c7d19b1d7b56f5842e39b29e06d,311,2,3,619710,7040,101,2,0,0,5df2526720f9ac092e202de922f5a65f,2ffe19dc39838eaa55a52d7b2fbd687c,0370a0d090da0d0edc6319f120187e0e,0370a0d090da0d0edc6319f120187e0e,2,4,0,0
3b088c7d19b1d7b56f5842e39b29e06d,312,4,3,619730,7040,0,0,0,0,5df2526720f9ac092e202de922f5a65f,1f67aefd482a400ad8efa1f751128efb,0370a0d090da0d0edc6319f120187e0e,0370a0d090da0d0edc6319f120187e0e,2,2,0,0
3b088c7d19b1d7b56f5842e39b29e06d,313,6,3,619750,7040,3,0,0,0,e2d25dd55740327314a2a0b874621ba8,59fa10b4c9f3cd3cf1048a41966fe24e,682ee02d38c947defb4cf5e30fba6f96,0dbfa74eaa91ec9fc8b56a0988d678bb,2,5,4,1
3b088c7d19b1d7b56f5842e39b29e06d,315,2,3,619920,6970,1,3,0,0,5df2526720f9ac092e202de922f5a65f,2ffe19dc39838eaa55a52d7b2fbd687c,0370a0d090da0d0edc6319f120187e0e,0370a0d090da0d0edc6319f120187e0e,2,4,0,0
3b088c7d19b1d7b56f5842e39b29e06d,316,4,3,619940,6950,0,0,0,0,e2d25dd55740327314a2a0b874621ba8,fe4fc80aa14544264b2eca38dbe85bd1,0370a0d090da0d0edc6319f120187e0e,0370a0d090da0d0edc6319f120187e0e,2,5,0,0
3b088c7d19b1d7b56f5842e39b29e06d,317,1,3,620050,6840,3,2,0,0,e2d25dd55740327314a2a0b874621ba8,5254f09164f6bcfba80a12e595ca4724,59fa10b4c9f3cd3cf1048a41966fe24e,0370a0d090da0d0edc6319f120187e0e,3,5,5,0
3b088c7d19b1d7b56f5842e39b29e06d,319,6,3,620170,6740,1,0,0,0,e2d25dd55740327314a2a0b874621ba8,59fa10b4c9f3cd3cf1048a41966fe24e,7a1c1f680a11456d505f05fa70712213,ac21e8bb2de39db8dec768c4e756b76f,2,5,4,1
3b088c7d19b1d7b56f5842e39b29e06d,321,2,3,620510,6620,101,2,0,0,5df2526720f9ac092e202de922f5a65f,2ffe19dc39838eaa55a52d7b2fbd687c,0370a0d090da0d0edc6319f120187e0e,0370a0d090da0d0edc6319f120187e0e,2,4,0,0
3b088c7d19b1d7b56f5842e39b29e06d,322,4,3,620530,6600,0,0,0,0,e2d25dd55740327314a2a0b874621ba8,5254f09164f6bcfba80a12e595ca4724,0370a0d090da0d0edc6319f120187e0e,0370a0d090da0d0edc6319f120187e0e,2,5,0,0
3b088c7d19b1d7b56f5842e39b29e06d,323,2,3,620580,6540,98,2,0,0,e2d25dd55740327314a2a0b874621ba8,ce84530bdb8f4a9e7cf97e14d536b8a0,0370a0d090da0d0edc6319f120187e0e,682ee02d38c947defb4cf5e30fba6f96,3,5,0,4
3b088c7d19b1d7b56f5842e39b29e06d,325,4,3,620600,6530,0,0,0,0,5df2526720f9ac092e202de922f5a65f,2ffe19dc39838eaa55a52d7b2fbd687c,0370a0d090da0d0edc6319f120187e0e,0370a0d090da0d0edc6319f120187e0e,3,4,0,0
3b088c7d19b1d7b56f5842e39b29e06d,326,6,3,620760,6390,1,0,0,0,e2d25dd55740327314a2a0b874621ba8,f85a47779c423d73ea3b2aa48c54ff8b,2ffe19dc39838eaa55a52d7b2fbd687c,81efe876f336ab00d7331d21e9ac06dd,2,5,4,1
3b088c7d19b1d7b56f5842e39b29e06d,328,8,3,620880,6390,0,0,0,0,e2d25dd55740327314a2a0b874621ba8,f85a47779c423d73ea3b2aa48c54ff8b,355440241677831feb31321e4f47389c,0370a0d090da0d0edc6319f120187e0e,2,5,5,0
3b088c7d19b1d7b56f5842e39b29e06d,331,2,3,621140,6290,80,2,0,0,5df2526720f9ac092e202de922f5a65f,2ffe19dc39838eaa55a52d7b2fbd687c,0370a0d090da0d0edc6319f120187e0e,0370a0d090da0d0edc6319f120187e0e,2,4,0,0
3b088c7d19b1d7b56f5842e39b29e06d,332,4,3,621170,6260,0,0,0,0,e2d25dd55740327314a2a0b874621ba8,5254f09164f6bcfba80a12e595ca4724,0370a0d090da0d0edc6319f120187e0e,0370a0d090da0d0edc6319f120187e0e,2,5,0,0
3b088c7d19b1d7b56f5842e39b29e06d,333,6,3,621220,6250,1,0,0,0,5df2526720f9ac092e202de922f5a65f,2ffe19dc39838eaa55a52d7b2fbd687c,355440241677831feb31321e4f47389c,ac21e8bb2de39db8dec768c4e756b76f,3,4,5,1
3b088c7d19b1d7b56f5842e39b29e06d,335,2,3,621550,6130,1,3,0,0,e2d25dd55740327314a2a0b874621ba8,fe4fc80aa14544264b2eca38dbe85bd1,0370a0d090da0d0edc6319f120187e0e,0370a0d090da0d0edc6319f120187e0e,3,5,0,0
3b088c7d19b1d7b56f5842e39b29e06d,336,4,3,621570,6110,0,0,0,0,5df2526720f9ac092e202de922f5a65f,7a1c1f680a11456d505f05fa70712213,0370a0d090da0d0edc6319f120187e0e,0370a0d090da0d0edc6319f120187e0e,3,4,0,0
3b088c7d19b1d7b56f5842e39b29e06d,337,2,3,621680,6000,47,2,0,0,5df2526720f9ac092e202de922f5a65f,7a1c1f680a11456d505f05fa70712213,0370a0d090da0d0edc6319f120187e0e,0370a0d090da0d0edc6319f120187e0e,2,4,0,0
3b088c7d19b1d7b56f5842e39b29e06d,338,4,3,621730,5980,0,0,0,0,5df2526720f9ac092e202de922f5a65f,db997674156aaff04aede51c0be7f8cf,0370a0d090da0d0edc6319f120187e0e,0370a0d090da0d0edc6319f120187e0e,2,3,0,0
3b088c7d19b1d7b56f5842e39b29e06d,339,6,3,621750,5980,3,0,0,0,5df2526720f9ac092e202de922f5a65f,682ee02d38c947defb4cf5e30fba6f96,5254f09164f6bcfba80a12e595ca4724,0dbfa74eaa91ec9fc8b56a0988d678bb,3,4,5,1
3b088c7d19b1d7b56f5842e39b29e06d,341,2,3,622080,5870,79,3,0,0,e2d25dd55740327314a2a0b874621ba8,59fa10b4c9f3cd3cf1048a41966fe24e,0370a0d090da0d0edc6319f120187e0e,0370a0d090da0d0edc6319f120187e0e,3,5,0,0
3b088c7d19b1d7b56f5842e39b29e06d,342,4,3,622110,5840,0,0,0,0,5df2526720f9ac092e202de922f5a65f,7a1c1f680a11456d505f05fa70712213,0370a0d090da0d0edc6319f120187e0e,0370a0d090da0d0edc6319f120187e0e,3,4,0,0
3b088c7d19b1d7b56f5842e39b29e06d,343,1,3,622250,5700,1,3,0,0,5df2526720f9ac092e202de922f5a65f,16d76c912992709c8be29b896b8f9417,7a1c1f680a11456d505f05fa70712213,0370a0d090da0d0edc6319f120187e0e,2,4,4,0
3b088c7d19b1d7b56f5842e39b29e06d,345,20,3,622400,5570,3,0,0,0,e2d25dd55740327314a2a0b874621ba8,0370a0d090da0d0edc6319f120187e0e,0370a0d090da0d0edc6319f120187e0e,0370a0d090da0d0edc6319f120187e0e,3,0,0,0
3b088c7d19b1d7b56f5842e39b29e06d,346,2,3,622640,5430,102,2,0,0,e2d25dd55740327314a2a0b874621ba8,355440241677831feb31321e4f47389c,0370a0d090da0d0edc6319f120187e0e,0370a0d090da0d0edc6319f120187e0e,3,5,0,0
3b088c7d19b1d7b56f5842e39b29e06d,347,4,3,622650,5420,0,0,0,0,5df2526720f9ac092e202de922f5a65f,7a1c1f680a11456d505f05fa70712213,0370a0d090da0d0edc6319f120187e0e,0370a0d090da0d0edc6319f120187e0e,3,4,0,0
3b088c7d19b1d7b56f5842e39b29e06d,348,1,3,622700,5380,108,2,1,0,5df2526720f9ac092e202de922f5a65f,ade82b71d52bf8ebd00f724b25c87e95,7a1c1f680a11456d505f05fa70712213,0370a0d090da0d0edc6319f120187e0e,2,4,4,0
3b088c7d19b1d7b56f5842e39b29e06d,350,9,3,622800,5380,1,0,0,0,e2d25dd55740327314a2a0b874621ba8,db997674156aaff04aede51c0be7f8cf,0370a0d090da0d0edc6319f120187e0e,0370a0d090da0d0edc6319f120187e0e,3,3,0,0
3b088c7d19b1d7b56f5842e39b29e06d,351,6,3,624960,5290,2,0,0,2,5df2526720f9ac092e202de922f5a65f,682ee02d38c947defb4cf5e30fba6f96,59fa10b4c9f3cd3cf1048a41966fe24e,0dbfa74eaa91ec9fc8b56a0988d678bb,3,4,5,1
3b088c7d19b1d7b56f5842e39b29e06d,353,3,3,625210,5290,11,1,0,0,e2d25dd55740327314a2a0b874621ba8,59fa10b4c9f3cd3cf1048a41966fe24e,0370a0d090da0d0edc6319f120187e0e,0370a0d090da0d0edc6319f120187e0e,3,5,0,0
3b088c7d19b1d7b56f5842e39b29e06d,354,3,3,625350,5290,12,1,0,0,e2d25dd55740327314a2a0b874621ba8,59fa10b4c9f3cd3cf1048a41966fe24e,0370a0d090da0d0edc6319f120187e0e,0370a0d090da0d0edc6319f120187e0e,3,5,0,0
3b088c7d19b1d7b56f5842e39b29e06d,355,6,3,625540,5160,1,0,0,0,e2d25dd55740327314a2a0b874621ba8,355440241677831feb31321e4f47389c,682ee02d38c947defb4cf5e30fba6f96,ac21e8bb2de39db8dec768c4e756b76f,2,5,4,1
3b088c7d19b1d7b56f5842e39b29e06d,357,1,3,625820,5010,80,2,0,0,5df2526720f9ac092e202de922f5a65f,2ffe19dc39838eaa55a52d7b2fbd687c,0370a0d090da0d0edc6319f120187e0e,0370a0d090da0d0edc6319f120187e0e,2,4,0,0
3b088c7d19b1d7b56f5842e39b29e06d,358,2,3,625950,4890,79,3,0,0,e2d25dd55740327314a2a0b874621ba8,59fa10b4c9f3cd3cf1048a41966fe24e,0370a0d090da0d0edc6319f120187e0e,0370a0d090da0d0edc6319f120187e0e,3,5,0,0
3b088c7d19b1d7b56f5842e39b29e06d,359,4,3,625980,4860,0,0,0,0,5df2526720f9ac092e202de922f5a65f,7a1c1f680a11456d505f05fa70712213,0370a0d090da0d0edc6319f120187e0e,0370a0d090da0d0edc6319f120187e0e,3,4,0,0
3b088c7d19b1d7b56f5842e39b29e06d,360,2,3,626140,4690,80,2,0,0,5df2526720f9ac092e202de922f5a65f,7a1c1f680a11456d505f05fa70712213,0370a0d090da0d0edc6319f120187e0e,0370a0d090da0d0edc6319f120187e0e,2,4,0,0
3b088c7d19b1d7b56f5842e39b29e06d,361,4,3,626170,4670,0,0,0,0,e2d25dd55740327314a2a0b874621ba8,59fa10b4c9f3cd3cf1048a41966fe24e,0370a0d090da0d0edc6319f120187e0e,0370a0d090da0d0edc6319f120187e0e,2,5,0,0
3b088c7d19b1d7b56f5842e39b29e06d,362,1,3,626220,4620,75,2,1,0,e2d25dd55740327314a2a0b874621ba8,59fa10b4c9f3cd3cf1048a41966fe24e,0370a0d090da0d0edc6319f120187e0e,0370a0d090da0d0edc6319f120187e0e,3,5,0,0
3b088c7d19b1d7b56f5842e39b29e06d,363,2,3,626480,4360,6,2,0,0,5df2526720f9ac092e202de922f5a65f,2ffe19dc39838eaa55a52d7b2fbd687c,0370a0d090da0d0edc6319f120187e0e,0370a0d090da0d0edc6319f120187e0e,2,4,0,0
3b088c7d19b1d7b56f5842e39b29e06d,364,4,3,626490,4360,0,0,0,0,5df2526720f9ac092e202de922f5a65f,682ee02d38c947defb4cf5e30fba6f96,0370a0d090da0d0edc6319f120187e0e,0370a0d090da0d0edc6319f120187e0e,2,4,0,0
3b088c7d19b1d7b56f5842e39b29e06d,365,6,3,626510,4360,2,0,0,2,e2d25dd55740327314a2a0b874621ba8,ce84530bdb8f4a9e7cf97e14d536b8a0,682ee02d38c947defb4cf5e30fba6f96,ac21e8bb2de39db8dec768c4e756b76f,2,5,4,1
3b088c7d19b1d7b56f5842e39b29e06d,367,3,3,626810,4360,11,1,0,0,5df2526720f9ac092e202de922f5a65f,682ee02d38c947defb4cf5e30fba6f96,0370a0d090da0d0edc6319f120187e0e,0370a0d090da0d0edc6319f120187e0e,2,4,0,0
3b088c7d19b1d7b56f5842e39b29e06d,368,8,3,626820,4360,0,0,0,0,5df2526720f9ac092e202de922f5a65f,7a1c1f680a11456d505f05fa70712213,71646c64f62c2748740c45b469e0d611,0370a0d090da0d0edc6319f120187e0e,2,4,4,0
3b088c7d19b1d7b56f5842e39b29e06d,370,3,3,627000,4360,12,1,0,0,5df2526720f9ac092e202de922f5a65f,682ee02d38c947defb4cf5e30fba6f96,0370a0d090da0d0edc6319f120187e0e,0370a0d090da0d0edc6319f120187e0e,2,4,0,0
3b088c7d19b1d7b56f5842e39b29e06d,371,1,3,627170,4220,80,2,0,0,e2d25dd55740327314a2a0b874621ba8,59fa10b4c9f3cd3cf1048a41966fe24e,0370a0d090da0d0edc6319f120187e0e,0370a0d090da0d0edc6319f120187e0e,3,5,0,0
3b088c7d19b1d7b56f5842e39b29e06d,372,2,3,627380,4000,6,2,0,0,5df2526720f9ac092e202de922f5a65f,ade82b71d52bf8ebd00f724b25c87e95,0370a0d090da0d0edc6319f120187e0e,5254f09164f6bcfba80a12e595ca4724,2,4,0,5
3b088c7d19b1d7b56f5842e39b29e06d,374,4,3,627400,3990,0,0,0,0,e2d25dd55740327314a2a0b874621ba8,59fa10b4c9f3cd3cf1048a41966fe24e,0370a0d090da0d0edc6319f120187e0e,0370a0d090da0d0edc6319f120187e0e,2,5,0,0
3b088c7d19b1d7b56f5842e39b29e06d,375,1,3,627470,3920,98,2,0,0,e2d25dd55740327314a2a0b874621ba8,ce84530bdb8f4a9e7cf97e14d536b8a0,59fa10b4c9f3cd3cf1048a41966fe24e,0370a0d090da0d0edc6319f120187e0e,3,5,5,0
3b088c7d19b1d7b56f5842e39b29e06d,377,5,3,627610,3790,45,0,0,0,5df2526720f9ac092e202de922f5a65f,71646c64f62c2748740c45b469e0d611,0370a0d090da0d0edc6319f120187e0e,ac21e8bb2de39db8dec768c4e756b76f,2,4,0,1
3b088c7d19b1d7b56f5842e39b29e06d,378,8,3,627640,3790,0,0,0,0,5df2526720f9ac092e202de922f5a65f,ade82b71d52bf8ebd00f724b25c87e95,cf76849b2d40cd089fa8fe823846b717,0370a0d090da0d0edc6319f120187e0e,3,4,4,0
3b088c7d19b1d7b56f5842e39b29e06d,379,8,3,627640,3790,0,0,0,0,5df2526720f9ac092e202de922f5a65f,682ee02d38c947defb4cf5e30fba6f96,59c61598abe68e36e2a0f6b24f5344a9,0370a0d090da0d0edc6319f120187e0e,3,4,4,0
3b088c7d19b1d7b56f5842e39b29e06d,382,1,3,627980,3670,6,2,0,0,e2d25dd55740327314a2a0b874621ba8,59fa10b4c9f3cd3cf1048a41966fe24e,0370a0d090da0d0edc6319f120187e0e,0370a0d090da0d0edc6319f120187e0e,3,5,0,0
3b088c7d19b1d7b56f5842e39b29e06d,383,6,3,628000,3670,2,0,0,1,5df2526720f9ac092e202de922f5a65f,cf76849b2d40cd089fa8fe823846b717,59fa10b4c9f3cd3cf1048a41966fe24e,81efe876f336ab00d7331d21e9ac06dd,3,4,5,1
3b088c7d19b1d7b56f5842e39b29e06d,385,3,3,628220,3670,10,2,0,0,e2d25dd55740327314a2a0b874621ba8,59fa10b4c9f3cd3cf1048a41966fe24e,0370a0d090da0d0edc6319f120187e0e,0370a0d090da0d0edc6319f120187e0e,3,5,0,0
3b088c7d19b1d7b56f5842e39b29e06d,386,4,3,628250,3670,0,0,0,0,e2d25dd55740327314a2a0b874621ba8,fe4fc80aa14544264b2eca38dbe85bd1,0370a0d090da0d0edc6319f120187e0e,0370a0d090da0d0edc6319f120187e0e,3,5,0,0
3b088c7d19b1d7b56f5842e39b29e06d,387,1,3,628260,3620,5,2,0,0,e2d25dd55740327314a2a0b874621ba8,fe4fc80aa14544264b2eca38dbe85bd1,0370a0d090da0d0edc6319f120187e0e,0370a0d090da0d0edc6319f120187e0e,3,5,0,0
3b088c7d19b1d7b56f5842e39b29e06d,388,2,3,628430,3450,1,3,0,0,5df2526720f9ac092e202de922f5a65f,2ffe19dc39838eaa55a52d7b2fbd687c,0370a0d090da0d0edc6319f120187e0e,0370a0d090da0d0edc6319f120187e0e,2,4,0,0
3b088c7d19b1d7b56f5842e39b29e06d,389,4,3,628480,3430,0,0,0,0,e2d25dd55740327314a2a0b874621ba8,fe4fc80aa14544264b2eca38dbe85bd1,0370a0d090da0d0edc6319f120187e0e,0370a0d090da0d0edc6319f120187e0e,2,5,0,0
3b088c7d19b1d7b56f5842e39b29e06d,390,6,3,628490,3430,1,1,0,2,5df2526720f9ac092e202de922f5a65f,16d76c912992709c8be29b896b8f9417,fe4fc80aa14544264b2eca38dbe85bd1,0dbfa74eaa91ec9fc8b56a0988d678bb,3,4,5,1
3b088c7d19b1d7b56f5842e39b29e06d,392,3,3,628770,3430,11,1,0,0,e2d25dd55740327314a2a0b874621ba8,fe4fc80aa14544264b2eca38dbe85bd1,0370a0d090da0d0edc6319f120187e0e,0370a0d090da0d0edc6319f120187e0e,3,5,0,0
3b088c7d19b1d7b56f5842e39b29e06d,393,3,3,628920,3430,12,2,0,0,e2d25dd55740327314a2a0b874621ba8,fe4fc80aa14544264b2eca38dbe85bd1,0370a0d090da0d0edc6319f120187e0e,0370a0d090da0d0edc6319f120187e0e,3,5,0,0
3b088c7d19b1d7b56f5842e39b29e06d,394,4,3,628930,3430,0,0,0,0,5df2526720f9ac092e202de922f5a65f,16d76c912992709c8be29b896b8f9417,0370a0d090da0d0edc6319f120187e0e,0370a0d090da0d0edc6319f120187e0e,3,4,0,0
3b088c7d19b1d7b56f5842e39b29e06d,395,2,3,629130,3210,1,3,0,0,5df2526720f9ac092e202de922f5a65f,16d76c912992709c8be29b896b8f9417,0370a0d090da0d0edc6319f120187e0e,0370a0d090da0d0edc6319f120187e0e,2,4,0,0
3b088c7d19b1d7b56f5842e39b29e06d,396,4,3,629160,3170,0,0,0,0,e2d25dd55740327314a2a0b874621ba8,5254f09164f6bcfba80a12e595ca4724,0370a0d090da0d0edc6319f120187e0e,0370a0d090da0d0edc6319f120187e0e,2,5,0,0
3b088c7d19b1d7b56f5842e39b29e06d,397,1,3,629260,3070,1,3,0,0,e2d25dd55740327314a2a0b874621ba8,355440241677831feb31321e4f47389c,59fa10b4c9f3cd3cf1048a41966fe24e,0370a0d090da0d0edc6319f120187e0e,3,5,5,0
3b088c7d19b1d7b56f5842e39b29e06d,399,2,3,629530,2810,58,2,0,0,5df2526720f9ac092e202de922f5a65f,59c61598abe68e36e2a0f6b24f5344a9,0370a0d090da0d0edc6319f120187e0e,5254f09164f6bcfba80a12e595ca4724,2,4,0,5
3b088c7d19b1d7b56f5842e39b29e06d,401,4,3,629560,2800,0,0,0,0,5df2526720f9ac092e202de922f5a65f,1f67aefd482a400ad8efa1f751128efb,0370a0d090da0d0edc6319f120187e0e,0370a0d090da0d0edc6319f120187e0e,2,2,0,0
3b088c7d19b1d7b56f5842e39b29e06d,402,5,3,629570,2800,11,0,0,0,5df2526720f9ac092e202de922f5a65f,1f67aefd482a400ad8efa1f751128efb,0370a0d090da0d0edc6319f120187e0e,81efe876f336ab00d7331d21e9ac06dd,2,2,0,1
3b088c7d19b1d7b56f5842e39b29e06d,403,5,3,629880,2630,1,1,0,0,e2d25dd55740327314a2a0b874621ba8,59fa10b4c9f3cd3cf1048a41966fe24e,59c61598abe68e36e2a0f6b24f5344a9,0370a0d090da0d0edc6319f120187e0e,3,5,4,0
3b088c7d19b1d7b56f5842e39b29e06d,405,6,3,630050,2480,2,1,0,2,e2d25dd55740327314a2a0b874621ba8,ce84530bdb8f4a9e7cf97e14d536b8a0,2ffe19dc39838eaa55a52d7b2fbd687c,ac21e8bb2de39db8dec768c4e756b76f,2,5,4,1
3b088c7d19b1d7b56f5842e39b29e06d,407,3,3,630360,2480,11,2,0,0,5df2526720f9ac092e202de922f5a65f,2ffe19dc39838eaa55a52d7b2fbd687c,0370a0d090da0d0edc6319f120187e0e,0370a0d090da0d0edc6319f120187e0e,2,4,0,0
3b088c7d19b1d7b56f5842e39b29e06d,408,4,3,630360,2480,1,0,0,0,5df2526720f9ac092e202de922f5a65f,1f67aefd482a400ad8efa1f751128efb,0370a0d090da0d0edc6319f120187e0e,0370a0d090da0d0edc6319f120187e0e,2,2,0,0
3b088c7d19b1d7b56f5842e39b29e06d,409,8,3,630390,2480,0,0,0,0,5df2526720f9ac092e202de922f5a65f,16d76c912992709c8be29b896b8f9417,7a1c1f680a11456d505f05fa70712213,0370a0d090da0d0edc6319f120187e0e,2,4,4,0
3b088c7d19b1d7b56f5842e39b29e06d,410,8,3,630390,2480,0,0,0,0,e2d25dd55740327314a2a0b874621ba8,fe4fc80aa14544264b2eca38dbe85bd1,545561642487bf6991898bd62e9c3172,0370a0d090da0d0edc6319f120187e0e,2,5,5,0
3b088c7d19b1d7b56f5842e39b29e06d,413,3,3,630620,2480,12,1,0,0,5df2526720f9ac092e202de922f5a65f,2ffe19dc39838eaa55a52d7b2fbd687c,0370a0d090da0d0edc6319f120187e0e,0370a0d090da0d0edc6319f120187e0e,2,4,0,0
3b088c7d19b1d7b56f5842e39b29e06d,414,1,3,630780,2340,1,3,0,0,e2d25dd55740327314a2a0b874621ba8,59fa10b4c9f3cd3cf1048a41966fe24e,355440241677831feb31321e4f47389c,0370a0d090da0d0edc6319f120187e0e,3,5,5,0
3b088c7d19b1d7b56f5842e39b29e06d,416,1,3,630940,2170,80,2,0,0,5df2526720f9ac092e202de922f5a65f,2ffe19dc39838eaa55a52d7b2fbd687c,0370a0d090da0d0edc6319f120187e0e,0370a0d090da0d0edc6319f120187e0e,2,4,0,0
3b088c7d19b1d7b56f5842e39b29e06d,417,1,3,631080,2030,57,2,0,0,e2d25dd55740327314a2a0b874621ba8,59fa10b4c9f3cd3cf1048a41966fe24e,0370a0d090da0d0edc6319f120187e0e,0370a0d090da0d0edc6319f120187e0e,3,5,0,0
3b088c7d19b1d7b56f5842e39b29e06d,419,6,3,631290,1960,1,1,0,2,e2d25dd55740327314a2a0b874621ba8,ce84530bdb8f4a9e7cf97e14d536b8a0,7a1c1f680a11456d505f05fa70712213,0dbfa74eaa91ec9fc8b56a0988d678bb,2,5,4,1
3b088c7d19b1d7b56f5842e39b29e06d,421,3,3,631500,1960,11,1,0,0,5df2526720f9ac092e202de922f5a65f,7a1c1f680a11456d505f05fa70712213,0370a0d090da0d0edc6319f120187e0e,0370a0d090da0d0edc6319f120187e0e,2,4,0,0
3b088c7d19b1d7b56f5842e39b29e06d,422,8,3,631510,1960,0,0,0,0,5df2526720f9ac092e202de922f5a65f,2ffe19dc39838eaa55a52d7b2fbd687c,ffc3716da11461d5337f42c2e9590797,0370a0d090da0d0edc6319f120187e0e,2,4,4,0
3b088c7d19b1d7b56f5842e39b29e06d,423,8,3,631510,1960,0,0,0,0,e2d25dd55740327314a2a0b874621ba8,ce84530bdb8f4a9e7cf97e14d536b8a0,fe4fc80aa14544264b2eca38dbe85bd1,0370a0d090da0d0edc6319f120187e0e,2,5,5,0
3b088c7d19b1d7b56f5842e39b29e06d,426,3,3,631730,1960,12,1,0,0,5df2526720f9ac092e202de922f5a65f,7a1c1f680a11456d505f05fa70712213,0370a0d090da0d0edc6319f120187e0e,0370a0d090da0d0edc6319f120187e0e,2,4,0,0
3b088c7d19b1d7b56f5842e39b29e06d,427,1,3,631950,1760,75,2,0,0,e2d25dd55740327314a2a0b874621ba8,59fa10b4c9f3cd3cf1048a41966fe24e,0370a0d090da0d0edc6319f120187e0e,0370a0d090da0d0edc6319f120187e0e,3,5,0,0
3b088c7d19b1d7b56f5842e39b29e06d,428,6,3,632070,1650,1,1,0,2,e2d25dd55740327314a2a0b874621ba8,545561642487bf6991898bd62e9c3172,7a1c1f680a11456d505f05fa70712213,0dbfa74eaa91ec9fc8b56a0988d678bb,2,5,4,1
3b088c7d19b1d7b56f5842e39b29e06d,430,9,3,632300,1650,1,0,0,0,5df2526720f9ac092e202de922f5a65f,1f67aefd482a400ad8efa1f751128efb,0370a0d090da0d0edc6319f120187e0e,0370a0d090da0d0edc6319f120187e0e,2,2,0,0
3b088c7d19b1d7b56f5842e39b29e06d,431,8,3,633870,1650,0,0,0,0,e2d25dd55740327314a2a0b874621ba8,355440241677831feb31321e4f47389c,f85a47779c423d73ea3b2aa48c54ff8b,0370a0d090da0d0edc6319f120187e0e,2,5,5,0
3b088c7d19b1d7b56f5842e39b29e06d,432,8,3,633870,1650,0,0,0,0,e2d25dd55740327314a2a0b874621ba8,5254f09164f6bcfba80a12e595ca4724,ec1701b0740d49558c0e4292fbcf5d28,0370a0d090da0d0edc6319f120187e0e,2,5,5,0
3b088c7d19b1d7b56f5842e39b29e06d,435,3,3,634430,1650,11,2,0,0,5df2526720f9ac092e202de922f5a65f,7a1c1f680a11456d505f05fa70712213,0370a0d090da0d0edc6319f120187e0e,0370a0d090da0d0edc6319f120187e0e,2,4,0,0
3b088c7d19b1d7b56f5842e39b29e06d,436,4,3,634430,1650,1,0,0,0,5df2526720f9ac092e202de922f5a65f,1f67aefd482a400ad8efa1f751128efb,0370a0d090da0d0edc6319f120187e0e,0370a0d090da0d0edc6319f120187e0e,2,2,0,0
3b088c7d19b1d7b56f5842e39b29e06d,437,3,3,634570,1650,12,1,0,0,5df2526720f9ac092e202de922f5a65f,7a1c1f680a11456d505f05fa70712213,0370a0d090da0d0edc6319f120187e0e,0370a0d090da0d0edc6319f120187e0e,2,4,0,0
3b088c7d19b1d7b56f5842e39b29e06d,438,2,3,634720,1520,6,2,0,0,e2d25dd55740327314a2a0b874621ba8,59fa10b4c9f3cd3cf1048a41966fe24e,0370a0d090da0d0edc6319f120187e0e,0370a0d090da0d0edc6319f120187e0e,3,5,0,0
3b088c7d19b1d7b56f5842e39b29e06d,439,4,3,634730,1520,0,0,0,0,e2d25dd55740327314a2a0b874621ba8,59fa10b4c9f3cd3cf1048a41966fe24e,0370a0d090da0d0edc6319f120187e0e,0370a0d090da0d0edc6319f120187e0e,3,5,0,0
3b088c7d19b1d7b56f5842e39b29e06d,440,1,3,634740,1500,1,2,0,0,e2d25dd55740327314a2a0b874621ba8,59fa10b4c9f3cd3cf1048a41966fe24e,0370a0d090da0d0edc6319f120187e0e,0370a0d090da0d0edc6319f120187e0e,3,5,0,0
3b088c7d19b1d7b56f5842e39b29e06d,441,2,3,634970,1260,1,3,0,0,5df2526720f9ac092e202de922f5a65f,71646c64f62c2748740c45b469e0d611,0370a0d090da0d0edc6319f120187e0e,0370a0d090da0d0edc6319f120187e0e,2,4,0,0
3b088c7d19b1d7b56f5842e39b29e06d,442,4,3,635010,1240,0,0,0,0,5df2526720f9ac092e202de922f5a65f,ffc3716da11461d5337f42c2e9590797,0370a0d090da0d0edc6319f120187e0e,0370a0d090da0d0edc6319f120187e0e,2,4,0,0
3b088c7d19b1d7b56f5842e39b29e06d,443,1,3,635030,1220,1,3,0,0,5df2526720f9ac092e202de922f5a65f,ffc3716da11461d5337f42c2e9590797,0370a0d090da0d0edc6319f120187e0e,0370a0d090da0d0edc6319f120187e0e,2,4,0,0
3b088c7d19b1d7b56f5842e39b29e06d,444,6,3,635160,1110,2,1,0,2,5df2526720f9ac092e202de922f5a65f,ffc3716da11461d5337f42c2e9590797,59fa10b4c9f3cd3cf1048a41966fe24e,0dbfa74eaa91ec9fc8b56a0988d678bb,3,4,5,1
3b088c7d19b1d7b56f5842e39b29e06d,446,3,3,635390,1110,11,1,0,0,e2d25dd55740327314a2a0b874621ba8,59fa10b4c9f3cd3cf1048a41966fe24e,0370a0d090da0d0edc6319f120187e0e,0370a0d090da0d0edc6319f120187e0e,3,5,0,0
3b088c7d19b1d7b56f5842e39b29e06d,447,8,3,635410,1110,0,0,0,0,5df2526720f9ac092e202de922f5a65f,59c61598abe68e36e2a0f6b24f5344a9,16d76c912992709c8be29b896b8f9417,0370a0d090da0d0edc6319f120187e0e,3,4,4,0
3b088c7d19b1d7b56f5842e39b29e06d,449,3,3,635640,1110,12,1,0,0,e2d25dd55740327314a2a0b874621ba8,59fa10b4c9f3cd3cf1048a41966fe24e,0370a0d090da0d0edc6319f120187e0e,0370a0d090da0d0edc6319f120187e0e,3,5,0,0
3b088c7d19b1d7b56f5842e39b29e06d,450,2,3,635800,970,80,2,0,0,5df2526720f9ac092e202de922f5a65f,7a1c1f680a11456d505f05fa70712213,0370a0d090da0d0edc6319f120187e0e,0370a0d090da0d0edc6319f120187e0e,2,4,0,0
3b088c7d19b1d7b56f5842e39b29e06d,451,4,3,635830,930,0,0,0,0,e2d25dd55740327314a2a0b874621ba8,ec1701b0740d49558c0e4292fbcf5d28,0370a0d090da0d0edc6319f120187e0e,0370a0d090da0d0edc6319f120187e0e,2,5,0,0
3b088c7d19b1d7b56f5842e39b29e06d,452,1,3,635990,770,79,3,0,0,e2d25dd55740327314a2a0b874621ba8,59fa10b4c9f3cd3cf1048a41966fe24e,0370a0d090da0d0edc6319f120187e0e,0370a0d090da0d0edc6319f120187e0e,3,5,0,0
3b088c7d19b1d7b56f5842e39b29e06d,453,1,3,636150,600,1,3,0,0,5df2526720f9ac092e202de922f5a65f,7a1c1f680a11456d505f05fa70712213,0370a0d090da0d0edc6319f120187e0e,0370a0d090da0d0edc6319f120187e0e,2,4,0,0
3b088c7d19b1d7b56f5842e39b29e06d,454,5,3,636380,416,1,1,0,0,e2d25dd55740327314a2a0b874621ba8,f85a47779c423d73ea3b2aa48c54ff8b,7a1c1f680a11456d505f05fa70712213,0370a0d090da0d0edc6319f120187e0e,3,5,4,0
3b088c7d19b1d7b56f5842e39b29e06d,456,2,3,636570,222,1,2,0,0,5df2526720f9ac092e202de922f5a65f,cf76849b2d40cd089fa8fe823846b717,0370a0d090da0d0edc6319f120187e0e,0370a0d090da0d0edc6319f120187e0e,2,4,0,0
3b088c7d19b1d7b56f5842e39b29e06d,457,4,3,636600,208,0,0,0,0,5df2526720f9ac092e202de922f5a65f,db997674156aaff04aede51c0be7f8cf,0370a0d090da0d0edc6319f120187e0e,0370a0d090da0d0edc6319f120187e0e,2,3,0,0
3b088c7d19b1d7b56f5842e39b29e06d,458,2,3,636930,8,1,3,0,0,e2d25dd55740327314a2a0b874621ba8,fe4fc80aa14544264b2eca38dbe85bd1,0370a0d090da0d0edc6319f120187e0e,0370a0d090da0d0edc6319f120187e0e,3,5,0,0
3b088c7d19b1d7b56f5842e39b29e06d,459,4,3,636960,8,0,0,0,0,e2d25dd55740327314a2a0b874621ba8,db997674156aaff04aede51c0be7f8cf,0370a0d090da0d0edc6319f120187e0e,0370a0d090da0d0edc6319f120187e0e,3,3,0,0
3b088c7d19b1d7b56f5842e39b29e06d,460,13,3,637020,0,0,0,0,0,e2d25dd55740327314a2a0b874621ba8,0370a0d090da0d0edc6319f120187e0e,0370a0d090da0d0edc6319f120187e0e,0370a0d090da0d0edc6319f120187e0e,3,0,0,0
3b088c7d19b1d7b56f5842e39b29e06d,461,12,4,639290,7200,0,0,0,0,e2d25dd55740327314a2a0b874621ba8,0370a0d090da0d0edc6319f120187e0e,0370a0d090da0d0edc6319f120187e0e,0370a0d090da0d0edc6319f120187e0e,3,0,0,0
3b088c7d19b1d7b56f5842e39b29e06d,462,1,4,639420,7070,98,2,0,0,e2d25dd55740327314a2a0b874621ba8,ec1701b0740d49558c0e4292fbcf5d28,545561642487bf6991898bd62e9c3172,0370a0d090da0d0edc6319f120187e0e,3,5,5,0
3b088c7d19b1d7b56f5842e39b29e06d,464,6,4,639510,7070,2,0,0,1,5df2526720f9ac092e202de922f5a65f,16d76c912992709c8be29b896b8f9417,ec1701b0740d49558c0e4292fbcf5d28,0dbfa74eaa91ec9fc8b56a0988d678bb,3,4,5,1
3b088c7d19b1d7b56f5842e39b29e06d,466,3,4,639720,7070,10,2,0,0,e2d25dd55740327314a2a0b874621ba8,ec1701b0740d49558c0e4292fbcf5d28,0370a0d090da0d0edc6319f120187e0e,0370a0d090da0d0edc6319f120187e0e,3,5,0,0
3b088c7d19b1d7b56f5842e39b29e06d,467,4,4,639730,7070,0,0,0,0,5df2526720f9ac092e202de922f5a65f,ffc3716da11461d5337f42c2e9590797,0370a0d090da0d0edc6319f120187e0e,0370a0d090da0d0edc6319f120187e0e,3,4,0,0
3b088c7d19b1d7b56f5842e39b29e06d,468,1,4,639870,6910,1,3,0,0,5df2526720f9ac092e202de922f5a65f,7a1c1f680a11456d505f05fa70712213,cf76849b2d40cd089fa8fe823846b717,0370a0d090da0d0edc6319f120187e0e,2,4,4,0
3b088c7d19b1d7b56f5842e39b29e06d,470,2,4,640110,6670,79,3,0,0,e2d25dd55740327314a2a0b874621ba8,59fa10b4c9f3cd3cf1048a41966fe24e,0370a0d090da0d0edc6319f120187e0e,0370a0d090da0d0edc6319f120187e0e,3,5,0,0
3b088c7d19b1d7b56f5842e39b29e06d,471,4,4,640160,6620,0,0,0,0,5df2526720f9ac092e202de922f5a65f,ffc3716da11461d5337f42c2e9590797,0370a0d090da0d0edc6319f120187e0e,0370a0d090da0d0edc6319f120187e0e,3,4,0,0
3b088c7d19b1d7b56f5842e39b29e06d,472,2,4,640220,6550,1,3,0,0,5df2526720f9ac092e202de922f5a65f,ffc3716da11461d5337f42c2e9590797,0370a0d090da0d0edc6319f120187e0e,0370a0d090da0d0edc6319f120187e0e,2,4,0,0
3b088c7d19b1d7b56f5842e39b29e06d,473,4,4,640260,6520,0,0,0,0,e2d25dd55740327314a2a0b874621ba8,ec1701b0740d49558c0e4292fbcf5d28,0370a0d090da0d0edc6319f120187e0e,0370a0d090da0d0edc6319f120187e0e,2,5,0,0
3b088c7d19b1d7b56f5842e39b29e06d,474,2,4,640390,6390,101,2,0,0,e2d25dd55740327314a2a0b874621ba8,545561642487bf6991898bd62e9c3172,0370a0d090da0d0edc6319f120187e0e,16d76c912992709c8be29b896b8f9417,3,5,0,4
3b088c7d19b1d7b56f5842e39b29e06d,476,4,4,640410,6360,0,0,0,0,5df2526720f9ac092e202de922f5a65f,16d76c912992709c8be29b896b8f9417,0370a0d090da0d0edc6319f120187e0e,0370a0d090da0d0edc6319f120187e0e,3,4,0,0
3b088c7d19b1d7b56f5842e39b29e06d,477,1,4,640620,6160,1,3,0,0,5df2526720f9ac092e202de922f5a65f,16d76c912992709c8be29b896b8f9417,7a1c1f680a11456d505f05fa70712213,0370a0d090da0d0edc6319f120187e0e,2,4,4,0
3b088c7d19b1d7b56f5842e39b29e06d,479,9,4,640690,6160,1,0,0,0,e2d25dd55740327314a2a0b874621ba8,db997674156aaff04aede51c0be7f8cf,0370a0d090da0d0edc6319f120187e0e,0370a0d090da0d0edc6319f120187e0e,3,3,0,0
3b088c7d19b1d7b56f5842e39b29e06d,481,8,4,642450,6160,0,0,0,0,5df2526720f9ac092e202de922f5a65f,cf76849b2d40cd089fa8fe823846b717,682ee02d38c947defb4cf5e30fba6f96,0370a0d090da0d0edc6319f120187e0e,3,4,4,0
3b088c7d19b1d7b56f5842e39b29e06d,482,8,4,642450,6160,0,0,0,0,e2d25dd55740327314a2a0b874621ba8,545561642487bf6991898bd62e9c3172,355440241677831feb31321e4f47389c,0370a0d090da0d0edc6319f120187e0e,3,5,5,0
3b088c7d19b1d7b56f5842e39b29e06d,483,8,4,642450,6160,0,0,0,0,e2d25dd55740327314a2a0b874621ba8,59fa10b4c9f3cd3cf1048a41966fe24e,ce84530bdb8f4a9e7cf97e14d536b8a0,0370a0d090da0d0edc6319f120187e0e,3,5,5,0
3b088c7d19b1d7b56f5842e39b29e06d,487,1,4,642950,6000,101,2,0,0,e2d25dd55740327314a2a0b874621ba8,ce84530bdb8f4a9e7cf97e14d536b8a0,f85a47779c423d73ea3b2aa48c54ff8b,0370a0d090da0d0edc6319f120187e0e,3,5,5,0
3b088c7d19b1d7b56f5842e39b29e06d,489,1,4,643140,5810,1,3,0,0,5df2526720f9ac092e202de922f5a65f,ffc3716da11461d5337f42c2e9590797,16d76c912992709c8be29b896b8f9417,0370a0d090da0d0edc6319f120187e0e,2,4,4,0
3b088c7d19b1d7b56f5842e39b29e06d,491,5,4,643310,5640,1,1,0,0,e2d25dd55740327314a2a0b874621ba8,355440241677831feb31321e4f47389c,ffc3716da11461d5337f42c2e9590797,0370a0d090da0d0edc6319f120187e0e,3,5,4,0
3b088c7d19b1d7b56f5842e39b29e06d,493,1,4,643350,5610,50,2,1,0,5df2526720f9ac092e202de922f5a65f,ffc3716da11461d5337f42c2e9590797,0370a0d090da0d0edc6319f120187e0e,0370a0d090da0d0edc6319f120187e0e,2,4,0,0
3b088c7d19b1d7b56f5842e39b29e06d,494,6,4,643540,5460,29,0,0,2,5df2526720f9ac092e202de922f5a65f,16d76c912992709c8be29b896b8f9417,ce84530bdb8f4a9e7cf97e14d536b8a0,ac21e8bb2de39db8dec768c4e756b76f,3,4,5,1
3b088c7d19b1d7b56f5842e39b29e06d,496,3,4,643840,5460,11,1,0,0,e2d25dd55740327314a2a0b874621ba8,ce84530bdb8f4a9e7cf97e14d536b8a0,0370a0d090da0d0edc6319f120187e0e,0370a0d090da0d0edc6319f120187e0e,3,5,0,0
3b088c7d19b1d7b56f5842e39b29e06d,497,8,4,643850,5460,0,0,0,0,e2d25dd55740327314a2a0b874621ba8,ec1701b0740d49558c0e4292fbcf5d28,5254f09164f6bcfba80a12e595ca4724,0370a0d090da0d0edc6319f120187e0e,3,5,5,0
3b088c7d19b1d7b56f5842e39b29e06d,498,8,4,643850,5460,0,0,0,0,e2d25dd55740327314a2a0b874621ba8,fe4fc80aa14544264b2eca38dbe85bd1,59fa10b4c9f3cd3cf1048a41966fe24e,0370a0d090da0d0edc6319f120187e0e,3,5,5,0
3b088c7d19b1d7b56f5842e39b29e06d,501,3,4,644060,5460,12,1,0,0,e2d25dd55740327314a2a0b874621ba8,ce84530bdb8f4a9e7cf97e14d536b8a0,0370a0d090da0d0edc6319f120187e0e,0370a0d090da0d0edc6319f120187e0e,3,5,0,0
3b088c7d19b1d7b56f5842e39b29e06d,502,2,4,644220,5320,1,3,0,0,5df2526720f9ac092e202de922f5a65f,ffc3716da11461d5337f42c2e9590797,0370a0d090da0d0edc6319f120187e0e,0370a0d090da0d0edc6319f120187e0e,2,4,0,0
3b088c7d19b1d7b56f5842e39b29e06d,503,4,4,644250,5290,0,0,0,0,e2d25dd55740327314a2a0b874621ba8,ce84530bdb8f4a9e7cf97e14d536b8a0,0370a0d090da0d0edc6319f120187e0e,0370a0d090da0d0edc6319f120187e0e,2,5,0,0
3b088c7d19b1d7b56f5842e39b29e06d,504,2,4,644360,5180,6,2,0,0,e2d25dd55740327314a2a0b874621ba8,ce84530bdb8f4a9e7cf97e14d536b8a0,0370a0d090da0d0edc6319f120187e0e,682ee02d38c947defb4cf5e30fba6f96,3,5,0,4
3b088c7d19b1d7b56f5842e39b29e06d,506,4,4,644380,5160,0,0,0,0,5df2526720f9ac092e202de922f5a65f,ffc3716da11461d5337f42c2e9590797,0370a0d090da0d0edc6319f120187e0e,0370a0d090da0d0edc6319f120187e0e,3,4,0,0
3b088c7d19b1d7b56f5842e39b29e06d,507,2,4,644580,4950,75,2,0,0,5df2526720f9ac092e202de922f5a65f,7a1c1f680a11456d505f05fa70712213,0370a0d090da0d0edc6319f120187e0e,0370a0d090da0d0edc6319f120187e0e,2,4,0,0
3b088c7d19b1d7b56f5842e39b29e06d,508,4,4,644630,4940,0,0,0,0,5df2526720f9ac092e202de922f5a65f,1f67aefd482a400ad8efa1f751128efb,0370a0d090da0d0edc6319f120187e0e,0370a0d090da0d0edc6319f120187e0e,2,2,0,0
3b088c7d19b1d7b56f5842e39b29e06d,509,8,4,644730,4940,0,0,0,0,5df2526720f9ac092e202de922f5a65f,ffc3716da11461d5337f42c2e9590797,2ffe19dc39838eaa55a52d7b2fbd687c,0370a0d090da0d0edc6319f120187e0e,2,4,4,0
3b088c7d19b1d7b56f5842e39b29e06d,511,1,4,645000,4890,79,2,0,0,5df2526720f9ac092e202de922f5a65f,71646c64f62c2748740c45b469e0d611,0370a0d090da0d0edc6319f120187e0e,0370a0d090da0d0edc6319f120187e0e,2,4,0,0
3b088c7d19b1d7b56f5842e39b29e06d,512,1,4,645170,4720,1,3,0,0,e2d25dd55740327314a2a0b874621ba8,355440241677831feb31321e4f47389c,f85a47779c423d73ea3b2aa48c54ff8b,0370a0d090da0d0edc6319f120187e0e,3,5,5,0
3b088c7d19b1d7b56f5842e39b29e06d,514,1,4,645330,4550,63,2,0,0,5df2526720f9ac092e202de922f5a65f,7a1c1f680a11456d505f05fa70712213,0370a0d090da0d0edc6319f120187e0e,0370a0d090da0d0edc6319f120187e0e,2,4,0,0
3b088c7d19b1d7b56f5842e39b29e06d,516,6,4,645520,4440,1,0,0,0,5df2526720f9ac092e202de922f5a65f,2ffe19dc39838eaa55a52d7b2fbd687c,59fa10b4c9f3cd3cf1048a41966fe24e,81efe876f336ab00d7331d21e9ac06dd,3,4,5,1
3b088c7d19b1d7b56f5842e39b29e06d,518,5,4,645750,4330,2,1,0,0,e2d25dd55740327314a2a0b874621ba8,59fa10b4c9f3cd3cf1048a41966fe24e,2ffe19dc39838eaa55a52d7b2fbd687c,0370a0d090da0d0edc6319f120187e0e,3,5,4,0
3b088c7d19b1d7b56f5842e39b29e06d,520,1,4,645790,4290,50,2,1,0,5df2526720f9ac092e202de922f5a65f,2ffe19dc39838eaa55a52d7b2fbd687c,0370a0d090da0d0edc6319f120187e0e,0370a0d090da0d0edc6319f120187e0e,2,4,0,0
3b088c7d19b1d7b56f5842e39b29e06d,521,9,4,645870,4290,1,0,0,0,e2d25dd55740327314a2a0b874621ba8,db997674156aaff04aede51c0be7f8cf,0370a0d090da0d0edc6319f120187e0e,0370a0d090da0d0edc6319f120187e0e,3,3,0,0
3b088c7d19b1d7b56f5842e39b29e06d,522,8,4,647590,4290,0,0,0,0,e2d25dd55740327314a2a0b874621ba8,59fa10b4c9f3cd3cf1048a41966fe24e,fe4fc80aa14544264b2eca38dbe85bd1,0370a0d090da0d0edc6319f120187e0e,3,5,5,0
3b088c7d19b1d7b56f5842e39b29e06d,524,2,4,648110,4160,1,2,0,0,e2d25dd55740327314a2a0b874621ba8,fe4fc80aa14544264b2eca38dbe85bd1,0370a0d090da0d0edc6319f120187e0e,0370a0d090da0d0edc6319f120187e0e,3,5,0,0
3b088c7d19b1d7b56f5842e39b29e06d,525,4,4,648140,4120,0,0,0,0,5df2526720f9ac092e202de922f5a65f,71646c64f62c2748740c45b469e0d611,0370a0d090da0d0edc6319f120187e0e,0370a0d090da0d0edc6319f120187e0e,3,4,0,0
3b088c7d19b1d7b56f5842e39b29e06d,526,1,4,648200,4060,102,2,0,0,5df2526720f9ac092e202de922f5a65f,2ffe19dc39838eaa55a52d7b2fbd687c,0370a0d090da0d0edc6319f120187e0e,0370a0d090da0d0edc6319f120187e0e,2,4,0,0
3b088c7d19b1d7b56f5842e39b29e06d,527,2,4,648310,3950,7,2,0,0,e2d25dd55740327314a2a0b874621ba8,5254f09164f6bcfba80a12e595ca4724,0370a0d090da0d0edc6319f120187e0e,16d76c912992709c8be29b896b8f9417,3,5,0,4
3b088c7d19b1d7b56f5842e39b29e06d,528,4,4,648340,3920,0,0,0,0,e2d25dd55740327314a2a0b874621ba8,f85a47779c423d73ea3b2aa48c54ff8b,0370a0d090da0d0edc6319f120187e0e,0370a0d090da0d0edc6319f120187e0e,3,5,0,0
3b088c7d19b1d7b56f5842e39b29e06d,529,1,4,648360,3900,1,2,0,0,e2d25dd55740327314a2a0b874621ba8,f85a47779c423d73ea3b2aa48c54ff8b,0370a0d090da0d0edc6319f120187e0e,0370a0d090da0d0edc6319f120187e0e,3,5,0,0
3b088c7d19b1d7b56f5842e39b29e06d,531,2,4,648620,3640,75,2,0,0,5df2526720f9ac092e202de922f5a65f,2ffe19dc39838eaa55a52d7b2fbd687c,0370a0d090da0d0edc6319f120187e0e,5254f09164f6bcfba80a12e595ca4724,2,4,0,5
3b088c7d19b1d7b56f5842e39b29e06d,533,4,4,648650,3620,0,0,0,0,e2d25dd55740327314a2a0b874621ba8,355440241677831feb31321e4f47389c,0370a0d090da0d0edc6319f120187e0e,0370a0d090da0d0edc6319f120187e0e,2,5,0,0
3b088c7d19b1d7b56f5842e39b29e06d,534,5,4,648700,3560,2,1,0,0,e2d25dd55740327314a2a0b874621ba8,355440241677831feb31321e4f47389c,2ffe19dc39838eaa55a52d7b2fbd687c,0370a0d090da0d0edc6319f120187e0e,3,5,4,0
3b088c7d19b1d7b56f5842e39b29e06d,536,1,4,648770,3480,1,3,0,0,5df2526720f9ac092e202de922f5a65f,7a1c1f680a11456d505f05fa70712213,71646c64f62c2748740c45b469e0d611,0370a0d090da0d0edc6319f120187e0e,2,4,4,0
3b088c7d19b1d7b56f5842e39b29e06d,538,6,4,649020,3260,2,0,0,2,5df2526720f9ac092e202de922f5a65f,682ee02d38c947defb4cf5e30fba6f96,355440241677831feb31321e4f47389c,0dbfa74eaa91ec9fc8b56a0988d678bb,3,4,5,1
3b088c7d19b1d7b56f5842e39b29e06d,540,9,4,649250,3260,1,0,0,0,e2d25dd55740327314a2a0b874621ba8,1f67aefd482a400ad8efa1f751128efb,0370a0d090da0d0edc6319f120187e0e,0370a0d090da0d0edc6319f120187e0e,3,2,0,0
3b088c7d19b1d7b56f5842e39b29e06d,541,8,4,649910,3260,0,0,0,0,5df2526720f9ac092e202de922f5a65f,71646c64f62c2748740c45b469e0d611,ade82b71d52bf8ebd00f724b25c87e95,0370a0d090da0d0edc6319f120187e0e,3,4,4,0
3b088c7d19b1d7b56f5842e39b29e06d,543,3,4,650310,3260,11,1,0,0,e2d25dd55740327314a2a0b874621ba8,355440241677831feb31321e4f47389c,0370a0d090da0d0edc6319f120187e0e,0370a0d090da0d0edc6319f120187e0e,3,5,0,0
3b088c7d19b1d7b56f5842e39b29e06d,544,3,4,650460,3260,12,1,0,0,e2d25dd55740327314a2a0b874621ba8,355440241677831feb31321e4f47389c,0370a0d090da0d0edc6319f120187e0e,0370a0d090da0d0edc6319f120187e0e,3,5,0,0
3b088c7d19b1d7b56f5842e39b29e06d,545,2,4,650640,3100,1,3,0,0,5df2526720f9ac092e202de922f5a65f,16d76c912992709c8be29b896b8f9417,0370a0d090da0d0edc6319f120187e0e,0370a0d090da0d0edc6319f120187e0e,2,4,0,0
3b088c7d19b1d7b56f5842e39b29e06d,546,4,4,650670,3080,0,0,0,0,e2d25dd55740327314a2a0b874621ba8,ce84530bdb8f4a9e7cf97e14d536b8a0,0370a0d090da0d0edc6319f120187e0e,0370a0d090da0d0edc6319f120187e0e,2,5,0,0
3b088c7d19b1d7b56f5842e39b29e06d,547,6,4,650720,3050,29,1,0,2,5df2526720f9ac092e202de922f5a65f,ade82b71d52bf8ebd00f724b25c87e95,ce84530bdb8f4a9e7cf97e14d536b8a0,ac21e8bb2de39db8dec768c4e756b76f,3,4,5,1
3b088c7d19b1d7b56f5842e39b29e06d,549,3,4,650920,3050,11,1,1,0,e2d25dd55740327314a2a0b874621ba8,ce84530bdb8f4a9e7cf97e14d536b8a0,0370a0d090da0d0edc6319f120187e0e,0370a0d090da0d0edc6319f120187e0e,3,5,0,0
3b088c7d19b1d7b56f5842e39b29e06d,550,3,4,651070,3050,12,1,1,0,e2d25dd55740327314a2a0b874621ba8,ce84530bdb8f4a9e7cf97e14d536b8a0,0370a0d090da0d0edc6319f120187e0e,0370a0d090da0d0edc6319f120187e0e,3,5,0,0
3b088c7d19b1d7b56f5842e39b29e06d,551,2,4,651230,2900,1,3,0,0,5df2526720f9ac092e202de922f5a65f,2ffe19dc39838eaa55a52d7b2fbd687c,0370a0d090da0d0edc6319f120187e0e,0370a0d090da0d0edc6319f120187e0e,2,4,0,0
3b088c7d19b1d7b56f5842e39b29e06d,552,4,4,651260,2880,0,0,0,0,e2d25dd55740327314a2a0b874621ba8,5254f09164f6bcfba80a12e595ca4724,0370a0d090da0d0edc6319f120187e0e,0370a0d090da0d0edc6319f120187e0e,2,5,0,0
3b088c7d19b1d7b56f5842e39b29e06d,553,1,4,651390,2740,1,3,0,0,e2d25dd55740327314a2a0b874621ba8,ce84530bdb8f4a9e7cf97e14d536b8a0,355440241677831feb31321e4f47389c,0370a0d090da0d0edc6319f120187e0e,3,5,5,0
3b088c7d19b1d7b56f5842e39b29e06d,555,1,4,651650,2490,1,3,0,0,5df2526720f9ac092e202de922f5a65f,7a1c1f680a11456d505f05fa70712213,0370a0d090da0d0edc6319f120187e0e,0370a0d090da0d0edc6319f120187e0e,2,4,0,0
3b088c7d19b1d7b56f5842e39b29e06d,556,2,4,651900,2230,1,2,0,0,e2d25dd55740327314a2a0b874621ba8,f85a47779c423d73ea3b2aa48c54ff8b,0370a0d090da0d0edc6319f120187e0e,0370a0d090da0d0edc6319f120187e0e,3,5,0,0
3b088c7d19b1d7b56f5842e39b29e06d,557,4,4,651940,2200,0,0,0,0,e2d25dd55740327314a2a0b874621ba8,fe4fc80aa14544264b2eca38dbe85bd1,0370a0d090da0d0edc6319f120187e0e,0370a0d090da0d0edc6319f120187e0e,3,5,0,0
3b088c7d19b1d7b56f5842e39b29e06d,558,5,4,651960,2180,1,1,0,0,e2d25dd55740327314a2a0b874621ba8,fe4fc80aa14544264b2eca38dbe85bd1,682ee02d38c947defb4cf5e30fba6f96,0370a0d090da0d0edc6319f120187e0e,3,5,4,0
3b088c7d19b1d7b56f5842e39b29e06d,560,1,4,652160,1980,1,2,0,0,5df2526720f9ac092e202de922f5a65f,7a1c1f680a11456d505f05fa70712213,0370a0d090da0d0edc6319f120187e0e,0370a0d090da0d0edc6319f120187e0e,2,4,0,0
3b088c7d19b1d7b56f5842e39b29e06d,561,2,4,652390,1740,6,2,0,0,e2d25dd55740327314a2a0b874621ba8,355440241677831feb31321e4f47389c,0370a0d090da0d0edc6319f120187e0e,682ee02d38c947defb4cf5e30fba6f96,3,5,0,4
3b088c7d19b1d7b56f5842e39b29e06d,563,4,4,652420,1720,0,0,0,0,5df2526720f9ac092e202de922f5a65f,7a1c1f680a11456d505f05fa70712213,0370a0d090da0d0edc6319f120187e0e,0370a0d090da0d0edc6319f120187e0e,3,4,0,0
3b088c7d19b1d7b56f5842e39b29e06d,564,1,4,652630,1500,66,3,0,0,5df2526720f9ac092e202de922f5a65f,7a1c1f680a11456d505f05fa70712213,0370a0d090da0d0edc6319f120187e0e,0370a0d090da0d0edc6319f120187e0e,2,4,0,0
3b088c7d19b1d7b56f5842e39b29e06d,566,1,4,652780,1370,6,2,0,0,e2d25dd55740327314a2a0b874621ba8,f85a47779c423d73ea3b2aa48c54ff8b,0370a0d090da0d0edc6319f120187e0e,0370a0d090da0d0edc6319f120187e0e,3,5,0,0
3b088c7d19b1d7b56f5842e39b29e06d,567,7,4,652850,1370,2,0,0,0,5df2526720f9ac092e202de922f5a65f,682ee02d38c947defb4cf5e30fba6f96,0370a0d090da0d0edc6319f120187e0e,ac21e8bb2de39db8dec768c4e756b76f,3,4,0,1
3b088c7d19b1d7b56f5842e39b29e06d,568,1,4,653200,1170,79,2,0,0,5df2526720f9ac092e202de922f5a65f,7a1c1f680a11456d505f05fa70712213,0370a0d090da0d0edc6319f120187e0e,0370a0d090da0d0edc6319f120187e0e,2,4,0,0
3b088c7d19b1d7b56f5842e39b29e06d,569,2,4,653300,1100,1,3,0,0,e2d25dd55740327314a2a0b874621ba8,f85a47779c423d73ea3b2aa48c54ff8b,0370a0d090da0d0edc6319f120187e0e,0370a0d090da0d0edc6319f120187e0e,3,5,0,0
3b088c7d19b1d7b56f5842e39b29e06d,570,4,4,653340,1050,0,0,0,0,5df2526720f9ac092e202de922f5a65f,682ee02d38c947defb4cf5e30fba6f96,0370a0d090da0d0edc6319f120187e0e,0370a0d090da0d0edc6319f120187e0e,3,4,0,0
3b088c7d19b1d7b56f5842e39b29e06d,571,6,4,653540,890,1,0,0,0,e2d25dd55740327314a2a0b874621ba8,5254f09164f6bcfba80a12e595ca4724,7a1c1f680a11456d505f05fa70712213,81efe876f336ab00d7331d21e9ac06dd,2,5,4,1
3b088c7d19b1d7b56f5842e39b29e06d,573,2,4,653870,760,75,2,0,0,5df2526720f9ac092e202de922f5a65f,7a1c1f680a11456d505f05fa70712213,0370a0d090da0d0edc6319f120187e0e,0370a0d090da0d0edc6319f120187e0e,2,4,0,0
3b088c7d19b1d7b56f5842e39b29e06d,574,4,4,653890,750,0,0,0,0,e2d25dd55740327314a2a0b874621ba8,f85a47779c423d73ea3b2aa48c54ff8b,0370a0d090da0d0edc6319f120187e0e,0370a0d090da0d0edc6319f120187e0e,2,5,0,0
3b088c7d19b1d7b56f5842e39b29e06d,575,1,4,653940,720,9,2,0,0,e2d25dd55740327314a2a0b874621ba8,355440241677831feb31321e4f47389c,f85a47779c423d73ea3b2aa48c54ff8b,0370a0d090da0d0edc6319f120187e0e,3,5,5,0
3b088c7d19b1d7b56f5842e39b29e06d,577,2,4,654260,492,101,2,0,0,5df2526720f9ac092e202de922f5a65f,2ffe19dc39838eaa55a52d7b2fbd687c,0370a0d090da0d0edc6319f120187e0e,0370a0d090da0d0edc6319f120187e0e,2,4,0,0
3b088c7d19b1d7b56f5842e39b29e06d,578,4,4,654280,469,0,0,0,0,5df2526720f9ac092e202de922f5a65f,2ffe19dc39838eaa55a52d7b2fbd687c,0370a0d090da0d0edc6319f120187e0e,0370a0d090da0d0edc6319f120187e0e,2,4,0,0
3b088c7d19b1d7b56f5842e39b29e06d,579,1,4,654390,350,1,3,0,0,5df2526720f9ac092e202de922f5a65f,16d76c912992709c8be29b896b8f9417,7a1c1f680a11456d505f05fa70712213,0370a0d090da0d0edc6319f120187e0e,2,4,4,0
3b088c7d19b1d7b56f5842e39b29e06d,581,9,4,654460,350,1,0,0,0,e2d25dd55740327314a2a0b874621ba8,db997674156aaff04aede51c0be7f8cf,0370a0d090da0d0edc6319f120187e0e,0370a0d090da0d0edc6319f120187e0e,3,3,0,0
3b088c7d19b1d7b56f5842e39b29e06d,583,2,4,655590,335,1,3,0,0,e2d25dd55740327314a2a0b874621ba8,355440241677831feb31321e4f47389c,0370a0d090da0d0edc6319f120187e0e,0370a0d090da0d0edc6319f120187e0e,3,5,0,0
3b088c7d19b1d7b56f5842e39b29e06d,584,4,4,655620,309,0,0,0,0,5df2526720f9ac092e202de922f5a65f,ade82b71d52bf8ebd00f724b25c87e95,0370a0d090da0d0edc6319f120187e0e,0370a0d090da0d0edc6319f120187e0e,3,4,0,0
3b088c7d19b1d7b56f5842e39b29e06d,585,6,4,655690,264,28,1,0,2,e2d25dd55740327314a2a0b874621ba8,ce84530bdb8f4a9e7cf97e14d536b8a0,7a1c1f680a11456d505f05fa70712213,0dbfa74eaa91ec9fc8b56a0988d678bb,2,5,4,1
3b088c7d19b1d7b56f5842e39b29e06d,587,3,4,655920,264,11,1,0,0,5df2526720f9ac092e202de922f5a65f,7a1c1f680a11456d505f05fa70712213,0370a0d090da0d0edc6319f120187e0e,0370a0d090da0d0edc6319f120187e0e,2,4,0,0
3b088c7d19b1d7b56f5842e39b29e06d,588,3,4,656060,264,12,1,0,0,5df2526720f9ac092e202de922f5a65f,7a1c1f680a11456d505f05fa70712213,0370a0d090da0d0edc6319f120187e0e,0370a0d090da0d0edc6319f120187e0e,2,4,0,0
3b088c7d19b1d7b56f5842e39b29e06d,589,1,4,656140,211,7,2,0,0,e2d25dd55740327314a2a0b874621ba8,5254f09164f6bcfba80a12e595ca4724,355440241677831feb31321e4f47389c,0370a0d090da0d0edc6319f120187e0e,3,5,5,0
3b088c7d19b1d7b56f5842e39b29e06d,591,13,4,656630,0,0,0,0,0,5df2526720f9ac092e202de922f5a65f,0370a0d090da0d0edc6319f120187e0e,0370a0d090da0d0edc6319f120187e0e,0370a0d090da0d0edc6319f120187e0e,2,0,0,0
3b088c7d19b1d7b56f5842e39b29e06d,0,16,4,656940,0,0,0,0,0,1473d70e5646a26de3c52aa1abd85b1f,0370a0d090da0d0edc6319f120187e0e,0370a0d090da0d0edc6319f120187e0e,0370a0d090da0d0edc6319f120187e0e,0,0,0,0
